flow_duration,Header_Length,Duration,Rate,ack_count,syn_count,fin_count,urg_count,HTTP,ARP,Min,Max,Tot size,IAT,Variance,prediction
2.558687400817872,247.7,189.8,10.00719399609032,0.0,0.1,0.0,0.3,0.0,0.0,54.0,230.0,100.2,166521694.47331858,1.0,1
0.7014257192611695,2343061.4,99.4,3437.384133599524,0.0,0.0,0.0,393.6,1.0,0.0,66.0,2858.0,1075.2,166520193.4468951,1.0,1
1.2867045640945434,296923.6,114.4,176.8049825341786,0.0,2.0,0.0,13.0,0.0,0.0,66.0,2672.4,1224.4,166523004.90572673,1.0,1
23.954062747955323,46886.1,60.2,30.794481788968447,0.0,1.6,0.0,92.4,0.0,0.0,351.6,1494.0,922.8,0.0088187932968139,0.8,1
49.66532762050629,933170.1,63.2,36.861769994094345,0.0,0.7,0.0,283.8,0.0,0.0,62.4,1038.4,676.7,166522996.3578014,1.0,1
22.816690850257874,1856483.5,198.4,65.59801799202894,0.0,1.8,0.2,74.7,0.0,0.0,55.6,156.0,66.0,166524300.9594511,1.0,1
60.71241657733917,2757054.4,217.5,60.122538643180256,0.0,1.6,0.0,190.1,0.0,0.0,54.0,375.0,93.0,166520681.9668514,1.0,1
21.08606889247894,322469.1,120.5,33.25803543883866,0.0,0.0,0.0,93.7,0.0,0.0,70.8,366.4,159.4,0.014543604850769,0.9,1
134.0455887556076,153758.2,56.8,8.888003943228597,0.0,0.0,0.0,558.0,0.0,0.0,69.6,156.0,91.7,0.0189143180847167,0.9,1
9.178924512863158,641236.6,64.0,71.19552400447216,0.0,0.0,0.0,34.1,0.0,0.0,74.0,1514.0,1391.6,166519835.1513571,1.0,1
2.045951414108276,131182.6,127.2,57.1699229027481,0.0,0.0,0.0,13.5,0.0,0.0,55.2,136.4,108.4,0.0221812963485717,0.9,1
103.76702547073364,131739.4,82.0,8.876338571683327,0.0,0.0,0.0,455.8,0.0,0.0,51.6,156.0,84.5,166518482.21875018,1.0,1
18.812256956100462,342960.8,69.4,25.413144302879523,0.1,0.5,0.0,332.3,0.0,0.0,66.0,271.4,141.5,0.0069691896438598,0.8,1
214.0921121358872,266840.0,69.9,20.99883733922542,0.0,0.4,0.0,147.7,0.0,0.0,50.0,1514.0,237.1,166517448.30579168,1.0,1
13.878492403030396,844228.6,164.2,54.869013284079344,0.0,0.0,0.0,28.0,0.0,0.0,355.6,1514.0,645.2,0.0014954090118408,0.8,1
1.0840308666229248,99187.2,208.8,91.87633817672462,0.0,0.0,0.0,3.6,0.0,0.0,60.6,66.0,65.4,0.0010316848754882,0.9,1
9.881239867210388,1173696.1,215.2,109.06063399979004,0.0,1.8,0.0,46.8,0.0,0.0,66.0,230.0,68.2,166524871.0020202,1.0,1
1.5678822994232178,568728.0,231.0,266.9184079192168,0.0,2.0,0.0,16.0,0.0,0.0,66.0,66.0,66.0,0.0009057998657226,0.0,1
32.415646171569826,849857.1,63.0,30.279187473836032,0.0,0.0,0.0,175.0,0.0,0.0,54.0,1399.0,807.6,166522369.778326,1.0,1
103.48844661712648,162637.3,69.1,12.341287066294736,0.0,0.0,0.0,585.6,0.0,0.0,60.0,348.0,154.5,166520813.6323704,1.0,1
51.24718101024628,551026.9,88.6,42.22671514425506,0.0,0.8,0.0,173.4,0.0,0.0,56.4,8321.0,1875.1,0.0062993049621582,0.8,1
13.723575687408449,218906.2,99.9,97.31322240357837,0.0,1.8,0.0,13.4,0.0,0.0,1222.0,4410.0,1223.2,166525852.1081654,1.0,1
92.37681562900543,180887.0,82.7,10.65964695990985,0.0,0.0,0.0,460.2,0.0,0.0,66.0,1474.0,1053.4,166520107.2281704,1.0,1
8.524276423454285,7536.7,200.8,55.4562451226527,0.3,1.6,0.0,10.2,0.0,0.0,64.8,359.6,118.3,166519564.2996964,1.0,1
0.6879778146743775,1307537.2,60.4,1718.803165004416,0.4,2.0,0.0,173.0,1.0,0.0,66.0,934.8,645.2,0.0001823186874389,0.3,1
72.84652609825135,912711.9,79.5,23.872021750066192,0.2,0.2,0.0,938.2,0.0,0.0,66.0,380.1,230.2,0.0073385000228881,0.9,1
27.317718720436098,1624518.2,216.7,70.07303277171107,0.1,1.8,0.0,74.7,0.0,0.0,66.0,95.6,80.8,0.0049913883209228,0.2,1
72.33137724399566,5088231.0,181.6,67.51564818378286,0.0,0.0,0.0,186.0,0.0,0.0,66.0,1948.4,645.2,0.0018192052841186,0.8,1
391.8951049089432,64540.4,57.6,3.030337924939295,0.0,0.0,0.0,0.0,0.0,0.0,50.0,230.0,71.0,166517145.3131478,1.0,1
30.982760620117187,905264.9,64.0,66.8692088387363,0.0,1.4,0.0,111.3,0.0,0.0,50.0,2641.0,2007.0,0.0042796850204467,0.9,1
56.44915957450867,3426873.6,97.0,60.83957179173076,0.0,0.0,0.0,169.4,0.0,0.0,60.0,2397.6,1370.5,166526110.2038418,1.0,1
0.2148943662643432,1740958.2,87.6,7001.108045378323,0.0,0.0,0.0,8.0,1.0,0.0,66.0,1462.0,903.6,166517699.04090232,1.0,1
59.12133188247681,866496.2,162.7,29.63229261914855,0.0,0.6,0.0,96.0,0.0,0.0,66.0,186.8,117.5,166521550.1838949,0.8,1
19.44503002166748,1767969.0,231.0,85.9602484449955,0.0,2.0,0.0,77.0,0.0,0.0,66.0,66.0,66.0,0.0017426013946533,0.0,1
163.8268883228302,214003.0,82.1,9.050042916125912,0.0,0.0,0.0,725.0,0.0,0.0,50.2,283.6,146.6,166520240.1649184,1.0,1
15.488065385818482,462078.9,216.4,61.25172063156225,0.0,1.8,0.0,22.1,0.0,0.0,80.8,1514.0,80.8,166525462.3490271,1.0,1
11.618661499023435,459072.9,63.6,38.46628380075988,0.0,0.0,0.0,30.8,0.0,0.0,60.0,8464.4,2812.0,166522283.0666588,1.0,1
12.771622443199158,7590.8,91.2,25.117111715461814,0.6,1.2,0.0,5.9,0.0,0.0,64.8,2364.5,728.0,166523974.0132241,1.0,1
89.41040799617767,552986.3,151.5,37.33662869644674,0.0,0.6,0.0,544.8,0.0,0.0,66.0,173.4,124.2,0.0297216892242431,0.9,1
19.53053116798401,298042.0,75.0,35.49271460336588,0.1,1.6,0.0,159.5,1.0,0.0,185.6,1254.0,251.7,0.0148028850555419,0.9,1
51.82346019744873,447456.8,155.9,23.847015139357048,0.0,0.8,0.0,168.8,0.0,0.0,63.6,151.0,120.8,0.0108204126358032,0.6,1
14.371229195594788,4969.1,103.7,11.642772857270872,0.1,1.9,0.0,3.0,0.0,0.0,54.0,2756.4,521.6,166520908.216052,1.0,1
60.50680129528045,1786393.5,88.1,44.34654755865268,0.0,1.2,0.0,141.1,0.0,0.0,55.2,7016.4,3435.2,166522307.6295644,1.0,1
51.871686124801634,1483555.5,163.4,44.49839989288408,0.0,1.2,0.0,163.2,0.0,0.0,66.0,156.5,147.5,0.0143024921417236,0.3,1
12.6283686876297,34384.6,62.8,42.13561420321743,0.0,0.0,0.0,86.2,0.0,0.0,66.0,617.9,263.2,166526246.0287313,1.0,1
9.76389467716217,322664.6,68.5,208.8035074552709,0.0,0.9,0.0,12.9,0.0,0.0,69.1,719.9,524.3,0.0067054986953735,0.9,1
14.589656758308411,691862.1,181.0,49.2753546646132,0.0,0.0,0.0,63.9,0.0,0.0,75.0,2962.0,84.6,166523645.0874438,1.0,1
45.18889617919922,22496.7,108.2,262.05868158599185,0.0,0.0,0.0,58.0,0.0,0.0,69.1,454.4,171.9,0.0053014039993286,0.9,1
39.67122480869293,442335.2,168.0,51.4172088944438,0.0,0.8,0.0,220.2,0.0,0.0,75.0,185.6,115.2,0.0176192045211792,0.9,1
41.00905640125275,17978.6,146.8,5.756249300449538,0.0,0.1,0.0,44.9,0.0,0.0,79.4,195.4,128.7,0.0135501861572265,0.9,1
0.6467262983322144,2599.2,151.0,54.18226650730461,0.0,1.8,0.0,7.2,0.0,0.0,54.0,707.6,263.3,166522838.04985258,1.0,1
1.1511457920074464,240344.0,114.0,196.41476683273544,0.0,0.0,0.0,4.5,0.0,0.0,54.0,2238.0,943.8,166525699.6503384,1.0,1
37.620600485801695,46460.6,108.1,7.095437734288798,0.0,0.0,0.0,117.7,0.0,0.0,58.0,243.2,159.8,166525435.9412378,1.0,1
2.704060411453247,950991.0,231.0,286.7902815887553,0.0,2.0,0.0,21.0,0.0,0.0,66.0,7306.0,66.0,166519496.31807858,1.0,1
69.42695813179016,103694.5,56.7,10.106015657974131,0.0,0.1,0.0,306.9,0.0,0.0,60.6,140.2,89.7,0.026067304611206,0.9,1
9.361784195899965,530.4,81.5,23.857469277194937,0.0,0.0,0.0,2.2,0.0,0.0,62.0,344.3,156.8,166518172.0698331,1.0,1
44.625279545784,2907306.1,80.3,64.10229431959146,0.0,0.0,0.0,129.8,0.0,0.0,500.4,2672.4,1369.2,0.0036366939544677,0.8,1
0.7339646816253662,1706933.9,87.6,2063.719476430504,0.2,0.2,0.0,14.7,1.0,0.0,624.4,5650.0,1742.4,0.0002281904220581,0.9,1
41.14860947132111,3130448.5,64.0,71.38758671100544,0.0,2.0,0.0,119.1,0.0,0.0,1485.5,1514.0,1485.5,0.0004003047943115,0.1,1
8.84059202671051,146081.1,79.5,30.418607677196185,0.0,0.0,0.0,47.2,0.0,0.0,53.1,104.2,90.5,0.0117398023605346,0.9,1
72.87044632434845,2443265.6,99.3,45.141553749080856,0.0,1.2,0.0,291.8,0.0,0.0,66.0,1427.4,1114.0,0.0304604053497314,0.9,1
9.478932619094849,728405.1,97.6,68.51302150316812,0.0,0.0,0.0,27.6,0.0,0.0,66.0,1959.0,1235.0,166518939.7990815,1.0,1
75.70447034835816,37545.9,100.0,4.748430293827076,0.0,0.0,0.0,73.9,0.0,0.0,50.0,311.0,142.7,0.0126204967498779,0.9,1
81.30051670074462,29641.2,56.8,14.912473106338528,0.5,1.2,0.0,114.8,0.0,0.0,60.0,441.0,79.1,166517142.2372924,1.0,1
25.302228474617003,40300.8,75.5,7.682516026121236,0.0,0.6,0.0,97.8,0.0,0.0,67.6,431.2,152.1,0.0249629974365234,0.8,1
44.89012970924377,2371956.8,181.6,51.3853017614933,0.0,0.0,0.0,108.5,0.0,0.0,50.0,1514.0,72.6,166525636.7977019,1.0,1
41.81097052097321,223066.7,178.9,84.76872442582729,0.0,1.4,0.0,99.5,0.0,0.0,63.6,120.4,86.4,0.0034440994262695,0.7,1
0.4492075681686401,49083.2,100.6,105.7252206471979,0.0,2.0,0.0,16.9,0.0,0.0,66.0,4350.0,494.4,166522444.2511699,1.0,1
23.80444624423981,1332720.7,163.3,45.285064126255406,0.1,0.6,0.0,73.7,0.0,0.0,66.0,77.4,75.8,0.0140120029449462,0.4,1
50.5803563117981,806212.2,121.0,27.05929878466899,0.0,0.8,0.0,98.6,0.0,0.0,60.0,1514.0,114.9,166518080.93973112,1.0,1
1.275005578994751,208337.5,64.0,188.2211744777776,0.1,2.0,0.0,65.3,0.0,0.0,66.0,90.8,69.1,3.385543823242188e-06,0.8,1
150.69648611545563,2781714.5,57.7,31.771172831227137,0.0,0.3,0.0,2260.8,0.0,0.0,58.0,2530.6,1827.4,166516956.2555582,1.0,1
28.472909259796143,1824464.7,116.7,70.80051477856425,0.0,1.8,0.0,62.8,0.0,0.0,58.2,4410.0,1372.0,166526165.2142924,1.0,1
42.87273333072663,1925016.2,124.3,31.052058141638163,0.0,0.0,0.0,169.1,0.0,0.0,69.6,123.0,81.6,0.014692997932434,0.7,1
11.726640248298644,1334071.0,231.0,110.21908457923864,0.0,2.0,0.0,52.0,0.0,0.0,66.0,66.0,66.0,0.0040461063385009,0.0,1
106.88094816207884,50579.1,103.3,2.574272424129915,0.0,0.0,0.0,150.2,0.0,0.0,70.8,177.2,105.7,0.029223895072937,0.9,1
38.07397820949554,327543.4,82.7,38.520298241202426,0.0,0.8,0.0,119.1,0.0,0.0,50.0,3975.6,1117.8,166521400.7918155,1.0,1
69.33976442813874,5071004.4,130.8,66.7798619656449,0.0,2.0,0.0,185.0,0.0,0.0,66.0,1514.0,934.8,166525574.8619426,1.0,1
28.830856561660767,1470815.8,171.2,66.9387286776734,0.0,1.3,0.0,123.1,0.0,0.0,66.0,87.2,83.8,0.0069202184677124,0.4,1
15.208504700660706,39870.6,107.6,22.810090633006062,0.0,1.2,0.0,123.4,0.0,0.0,66.0,2028.8,713.0,166522451.2008179,1.0,1
21.756802916526794,1253104.9,110.1,40.22902426093327,0.5,1.0,0.0,69.2,0.0,0.0,66.0,1314.3,216.0,0.0050816059112548,0.9,1
102.62773871421814,65413.3,62.9,98785.15736591544,0.0,0.0,0.0,193.3,0.0,0.0,50.0,414.0,132.8,166524911.0685783,1.0,1
33.06463396549225,58996.6,75.4,28.09292081156294,0.3,0.0,0.0,30.0,0.0,0.0,51.6,85.2,62.0,0.0048073053359985,0.8,1
9.450459289550782,1083837.6,69.8,92.87363076706777,0.0,0.0,0.0,24.3,0.0,0.0,816.5,1514.0,1374.5,166517555.97754198,0.5,1
5.260336184501648,734379.2,131.2,218.6435405808743,0.0,1.8,0.0,32.1,0.0,0.0,355.6,1514.0,799.0,0.0034242153167724,0.8,1
13.671348214149477,499653.5,80.3,184.0185013483427,0.0,1.8,0.0,87.3,0.0,0.0,1369.2,5713.2,2093.2,0.0014384984970092,0.9,1
36.01784336566925,62481.0,81.9,16.660338990354724,0.0,0.6,0.0,115.8,0.0,0.0,60.0,587.6,537.9,166522275.21776018,1.0,1
4.582479786872864,142000.9,97.4,73.09901706357799,0.0,1.8,0.0,36.5,0.0,0.0,1088.6,1514.0,1088.6,0.0017652988433837,0.3,1
17.477974247932433,1524.9,101.8,1.912994114073793,0.0,0.2,0.0,6.0,0.0,0.0,66.0,206.6,121.5,0.0397814035415649,0.9,1
16.187085723876955,28608.8,113.8,39.66853739680119,0.0,0.0,0.0,93.6,0.0,0.0,66.0,376.5,166.6,166523296.5133955,1.0,1
28.11944124698639,353990.6,83.1,133.20266841649436,0.0,1.6,0.0,15.6,0.0,0.0,1226.6,3830.8,1674.7,0.0035000085830688,0.8,1
66.3625853061676,3709054.9,193.9,52.82464732829743,0.0,0.0,0.0,126.7,0.0,0.0,50.0,75.6,66.0,0.0011058092117309,0.9,1
11.325656199455262,9359.5,97.8,12.943184200939532,0.0,0.0,0.0,21.3,0.0,0.0,50.0,241.0,91.4,166521276.3310323,1.0,1
49.14750683307648,86237.6,94.7,12.043854897965703,0.0,0.0,0.0,291.2,0.0,0.0,67.8,202.8,132.4,0.0370473146438598,0.9,1
0.2237283706665039,935299.0,93.5,4545.378124393779,0.0,0.0,0.0,4.6,1.0,0.0,66.0,2858.0,903.6,166520194.0786941,1.0,1
82.3233107805252,4040360.5,130.0,34.86698591712454,0.6,0.9,0.0,297.3,0.0,0.0,66.8,225.0,127.5,0.0199386835098266,0.9,1
72.58764300346374,3424953.7,61.6,41.55644711961853,0.0,0.0,0.0,123.3,0.0,0.0,64.8,1091.7,812.5,0.0059128046035766,0.9,1
87.06618857383728,75871.2,75.1,10.95467369110271,0.0,0.2,0.0,229.3,0.0,0.0,50.0,318.8,124.5,166525822.820518,1.0,1
11.105796480178832,605285.3,187.6,74.08517568833278,0.0,1.5,0.0,60.5,0.0,0.0,66.0,2962.0,68.8,166517895.4654791,1.0,1
37.78432114124298,2997871.4,114.4,71.6831622165889,0.0,2.0,0.0,113.0,0.0,0.0,210.8,1514.0,1079.6,0.0016893148422241,0.9,1
18.34190921783448,183344.4,109.4,20.975840930098105,0.0,0.4,0.0,48.8,0.0,0.0,60.0,302.0,244.0,0.0133032083511352,0.7,1
16.868835401535033,31882.5,69.9,26.567498124225448,0.0,0.0,0.0,21.7,0.0,0.0,50.8,62.8,57.4,0.0037462949752807,0.9,1
119.63526811599732,132433.1,94.7,13.38349650457003,0.0,0.2,0.0,228.3,0.0,0.0,64.4,163.2,115.0,0.0155753135681152,0.9,1
37.37304966449737,897.1,89.6,93223.00170833083,0.5,0.7,0.0,0.6,0.0,0.0,54.0,230.0,87.0,166517436.07697278,1.0,1
74.86829833984375,1479.8,75.0,93207.15770706572,0.0,0.0,0.0,2.5,0.0,0.0,45.8,358.5,183.9,166520039.0764584,1.0,1
43.824779462814334,2327342.7,57.1,44.36185308457415,0.0,0.2,0.2,163.9,0.0,0.0,56.4,2409.8,1714.5,0.009528112411499,0.9,1
29.93762958049774,1461957.0,131.2,64.652379227034,0.0,1.8,0.0,53.1,0.0,0.0,61.2,872.0,789.2,166524517.7378742,1.0,1
6.69161319732666,22431.3,155.5,108.6500828320704,0.0,1.8,0.0,65.1,0.0,0.0,66.0,2922.0,151.9,166521974.64350018,1.0,1
111.897261095047,7532953.0,232.0,62.686966726954765,0.0,0.0,0.0,286.0,0.0,0.0,66.0,66.0,66.0,0.0019591808319091,0.0,1
6.511934900283814,439851.0,64.0,69.3341570342777,0.0,0.0,0.0,24.2,0.0,0.0,1514.0,1611.0,1562.5,0.000596284866333,0.2,1
19.833949041366576,19511.4,80.5,11.840476400983624,0.2,0.6,0.0,44.7,0.0,0.0,51.6,228.7,112.7,0.0060867071151733,0.9,1
15.752016305923462,9235.4,123.3,17.562926993948828,0.0,0.7,0.1,28.8,0.0,0.0,54.0,459.0,126.9,166520453.04157192,1.0,1
14.72467737197876,73441.6,94.9,53.2378008621943,0.3,1.8,0.0,10.3,0.0,0.0,66.7,1228.6,935.5,0.0005764007568359,0.9,1
8.622965025901795,679910.6,170.7,81.51228055388802,0.0,1.2,0.0,45.3,0.0,0.0,61.2,3447.0,78.9,166519668.7692472,1.0,1
1.5680529356002808,312265.8,114.4,168.67677470164273,0.0,2.0,0.0,13.0,0.0,0.0,66.0,2093.2,1224.4,166518856.86558092,1.0,1
6.10774793624878,36504.5,162.3,45.15719424425042,0.4,1.8,0.0,7.7,0.0,0.0,210.8,1514.0,227.9,0.0036874055862426,0.9,1
29.277197313308715,407043.0,90.9,80.27878299821217,0.0,0.4,0.0,167.9,0.0,0.0,60.0,1021.2,185.8,0.0094208002090454,0.9,1
28.302475380897523,49458.2,101.7,23.432953277600568,0.0,1.4,0.0,90.0,0.0,0.0,60.0,1514.0,1112.4,166519241.27889752,1.0,1
30.95774028301239,1270823.6,64.0,45.44653711112775,0.0,0.5,0.0,86.6,0.0,0.0,66.0,4410.0,437.5,166520972.87224513,1.0,1
34.57842953205109,833598.1,60.7,75.25783152176015,0.0,1.4,0.0,267.8,0.0,0.0,62.8,1097.6,1088.2,0.0067905187606811,0.9,1
33.46877017021179,76642.4,64.0,38.49432376803451,0.0,0.0,0.0,26.5,0.0,0.0,50.0,214.0,76.4,166522734.7750079,1.0,1
17.86645302772522,1289965.2,197.2,83.19245742275366,0.0,1.6,0.0,88.3,0.0,0.0,66.0,4410.0,75.0,166524063.17263824,1.0,1
75.76831393241882,4457211.0,80.4,63.42969201411396,0.0,1.6,0.0,282.6,0.0,0.0,285.0,1514.0,1090.2,0.0011610984802246,0.9,1
78.5658091545105,5529941.2,70.4,68.25153291417973,0.0,1.7,0.0,217.7,0.0,0.0,75.4,2962.0,1514.6,166522104.4553928,1.0,1
6.654729318618775,193810.1,76.2,31.532475188039093,0.4,0.6,0.0,18.8,0.0,0.0,782.8,2962.0,788.8,0.0060935974121093,0.9,1
88.03951539993287,2630897.3,149.5,44.038314564618496,0.0,1.0,0.0,358.3,0.0,0.0,66.0,217.2,120.4,166524977.8454806,0.7,1
25.84766962528229,40211.0,80.7,30.605808736919336,0.0,0.0,0.0,49.7,0.0,0.0,55.6,101.8,81.6,0.00794517993927,0.9,1
17.779859805107115,917813.6,191.6,79.73387115774379,0.0,1.6,0.0,70.5,0.0,0.0,63.6,66.0,65.4,0.0053052902221679,0.4,1
7.750337171554565,27091.8,233.0,39.29450114086729,0.0,1.8,0.0,11.7,0.0,0.0,54.0,1486.0,55.2,166519285.4842948,1.0,1
18.44912099838257,427979.8,75.6,26.4191946732855,0.0,0.0,0.0,88.1,0.0,0.0,66.0,694.9,531.0,0.0272501945495605,0.9,1
21.454466652870178,1126381.8,181.6,84.40466089513932,0.0,1.8,0.0,87.8,0.0,0.0,364.6,2058.5,425.1,0.0011420011520385,0.9,1
64.2115573644638,124980.0,63.6,33.802463922477855,0.0,0.0,0.0,44.6,0.0,0.0,50.0,172.0,55.6,166522728.3676486,1.0,1
24.47450292110443,2157044.8,64.0,78.59198797427955,0.0,2.0,0.0,72.0,0.0,0.0,66.0,2962.0,1658.8,166521101.452793,1.0,1
25.189980578422546,1796503.3,215.2,78.13183627315581,0.0,1.8,0.0,122.4,0.0,0.0,75.0,156.0,75.0,0.005905795097351,0.9,1
78.97562983036042,2769753.3,63.6,52.35776397807702,0.0,0.0,0.0,146.4,0.0,0.0,782.8,2817.2,1074.8,0.005478286743164,0.9,1
49.26711390018463,2805020.4,80.7,55.7416040089429,0.0,0.0,0.0,116.1,0.0,0.0,66.0,1514.0,1226.8,166519606.5399312,1.0,1
145.69296197891236,249466.1,81.9,12.428243309772858,0.0,0.0,0.0,887.2,0.0,0.0,66.0,230.0,127.8,166519785.67479557,1.0,1
81.69752340316772,91621.2,131.0,8.880774560323715,0.0,0.0,0.0,323.2,0.0,0.0,60.0,178.6,144.6,0.0216456890106201,0.9,1
0.6987014055252075,995882.0,99.4,921.212207443897,0.0,0.0,0.0,8.2,1.0,0.0,66.0,2578.8,903.6,0.0001214027404785,0.9,1
51.73061165809632,35109.4,121.0,625.4368751349989,0.0,0.0,0.0,120.4,0.0,0.0,102.6,357.0,151.3,0.0052990913391113,0.9,1
32.119746041297915,1674541.8,62.6,56.64104525882092,0.0,1.6,0.0,120.7,0.0,0.0,66.0,1948.4,1234.5,166519641.22786403,1.0,1
24.00798122882843,16409.6,153.1,7.246708669925672,0.3,0.4,0.0,57.0,0.0,0.0,63.6,2962.0,121.3,166524348.8704269,1.0,1
26.275660228729247,655333.9,82.6,58.82427964340815,0.0,1.2,0.0,149.5,0.0,0.0,66.0,2690.4,1442.7,166521637.1682614,1.0,1
130.71495106220246,2988284.6,62.8,32.92062400963796,0.0,0.8,0.0,565.8,0.0,0.0,66.0,4007.4,1695.6,0.0340212106704711,0.9,1
24.48680329322815,1451157.9,124.4,59.37668393627814,0.0,0.0,0.0,77.4,0.0,0.0,60.0,1552.5,652.3,166523270.99129862,1.0,1
22.2907124042511,1730988.6,163.7,57.17270491632985,0.0,0.8,0.0,56.8,0.0,0.0,66.0,2962.0,210.8,166525040.47938168,1.0,1
0.2004642248153686,765642.4,99.4,3209.508435286916,0.0,0.0,0.0,219.3,1.0,0.0,78.0,2858.0,1049.6,166520193.7970402,1.0,1
25.72034080028534,2064393.0,64.0,80.9281583253953,0.0,2.0,0.0,101.2,0.0,0.0,54.0,2962.0,1562.5,166523653.5724409,1.0,1
72.08196558952332,24766.9,120.1,1.4883631337386696,0.0,0.0,0.0,73.0,0.0,0.0,54.0,220.9,114.0,166524014.105469,1.0,1
78.78645026683807,579939.0,117.0,43.43940371374289,0.0,0.6,0.0,292.5,0.0,0.0,75.5,6690.6,2326.1,0.0074079990386962,0.9,1
25.23333637714386,54086.8,54.9,11.617351318248856,0.0,0.0,0.0,210.6,0.0,0.0,60.0,230.0,89.4,166523661.7551452,1.0,1
13.95406777858734,911082.5,131.0,52.9518109088829,0.5,1.8,0.9,63.7,0.0,0.0,60.0,466.0,65.5,166524094.9732126,1.0,1
0.2602916717529296,798446.8,104.4,3318.838410539399,0.0,0.0,0.0,136.0,1.0,0.0,79.6,1330.8,773.6,6.279945373535156e-05,0.8,1
2.7124176025390625,561433.2,181.6,187.46989479601976,0.0,2.0,0.0,15.0,0.0,0.0,66.0,1948.4,645.2,166526173.3122587,1.0,1
64.68692896366119,1410103.1,85.5,21.79847660083313,0.0,0.0,0.0,143.6,0.0,0.0,54.4,1007.9,540.2,166518024.0272484,1.0,1
82.12148759365081,808834.8,81.9,25.681457870098217,0.0,0.4,0.0,403.5,0.0,0.0,609.6,1776.8,795.0,0.0034193992614746,0.9,1
4.133474636077881,607083.4,181.6,136.0838501255446,0.0,2.0,0.0,22.0,0.0,0.0,66.0,844.0,645.2,166523729.4837834,1.0,1
15.134957838058472,1116916.2,208.8,72.09417699550947,0.0,0.0,0.0,37.8,0.0,0.0,65.4,1514.0,65.4,166518097.09228048,1.0,1
60.42566645145416,2691787.2,198.0,53.951685729594296,0.0,1.6,0.0,178.7,0.0,0.0,66.0,11969.0,67.1,166522127.0699734,1.0,1
24.948978734016418,30081.4,63.5,16.02928578468599,0.0,0.8,0.0,90.7,0.0,0.0,58.0,1369.2,521.2,0.0068604946136474,0.9,1
5.117547988891602,258770.9,63.6,57.79889828729947,0.0,0.4,0.0,19.3,0.0,0.0,790.0,2382.8,953.8,0.0054479122161865,0.6,1
19.699455308914185,9444.6,85.6,16.47751224466789,0.0,0.2,0.0,25.4,0.0,0.0,61.2,479.6,162.7,0.0104586124420166,0.8,1
54.90136299133301,31897.5,127.0,3.784607910932648,0.0,0.4,0.0,73.5,0.0,0.0,54.0,358.0,127.5,166523020.56763512,1.0,1
45.10235793590546,455754.7,64.0,45.36666795630971,0.0,1.4,0.0,18.6,0.0,0.0,50.0,6389.4,3596.3,166522251.37013942,1.0,1
2.5226913928985595,761680.0,231.0,257.4624469506267,0.0,2.0,0.0,19.0,0.0,0.0,66.0,66.0,66.0,166526022.1132051,0.0,1
27.04094500541687,2148712.0,231.0,77.78943391276732,0.0,2.0,0.0,104.0,0.0,0.0,46.0,2962.0,66.0,166522462.57844958,1.0,1
21.83457765579224,21468.3,108.3,11.965060021550226,0.0,0.0,0.0,68.2,0.0,0.0,54.9,344.0,104.1,166518440.4123456,1.0,1
17.389942669868468,886900.4,164.2,62.71661829256546,0.0,1.4,0.0,80.4,0.0,0.0,66.0,284.0,97.4,166517497.355288,1.0,1
25.0622798204422,35846.2,68.4,8.641858264491962,0.0,0.0,0.0,105.2,0.0,0.0,63.0,440.0,104.0,166521891.50944513,1.0,1
86.93122794628144,35395.8,80.9,3.431695747205719,0.0,0.0,0.0,97.6,0.0,0.0,50.0,214.0,82.4,166523104.8246252,1.0,1
20.57544686794281,23100.0,152.7,3.948067511020586,0.0,0.0,0.0,38.8,0.0,0.0,62.0,4410.0,1031.6,166522399.2385487,1.0,1
79.39018335342408,5390610.7,178.5,60.10338770211738,0.0,1.8,0.0,180.9,0.0,0.0,62.8,500.4,210.0,0.0024353981018066,0.3,1
35.398435497283934,1704332.2,157.8,47.23718283270755,0.0,1.2,0.0,106.8,0.0,0.0,61.8,1514.0,74.4,166526033.89082,1.0,1
192.58874452114105,13734.7,93.8,32.62959045433278,0.1,1.2,0.0,47.2,0.0,0.0,60.0,3631.0,115.3,166516366.72416288,1.0,1
72.23806838989258,5180156.4,114.4,67.2290950534962,0.0,0.0,0.0,184.0,0.0,0.0,66.0,4989.2,1658.8,166523606.7443557,1.0,1
15.215920114517212,1475447.0,64.0,93.02754680755194,0.0,2.0,0.0,63.0,0.0,0.0,1514.0,2238.0,1658.8,0.000470495223999,0.5,1
3.178889298439026,177054.8,94.8,31.70553254675358,0.4,1.5,0.0,8.9,0.0,0.0,66.0,838.0,107.9,166518552.8901494,1.0,1
132.78844447135924,214759.6,57.2,13.526946243177292,0.0,0.2,0.0,180.1,0.0,0.0,50.0,248.8,213.6,0.012525987625122,0.9,1
7.831760120391846,736998.6,215.2,102.2861037058362,0.0,1.8,0.0,37.9,0.0,0.0,66.0,138.0,75.0,0.0013297080993652,0.8,1
54.82074851989746,54869.2,74.0,8.667620083234214,0.0,0.0,0.0,212.9,0.0,0.0,60.0,332.4,237.6,0.023189902305603,0.9,1
167.87284944057464,2630.9,89.4,0.1944985540664038,0.8,0.3,0.0,1.3,0.0,0.0,60.0,168.4,93.7,0.037856101989746,0.8,1
18.11375818252564,887637.8,83.1,43.37539749499735,0.0,0.0,0.0,48.4,0.0,0.0,50.0,2962.0,1122.9,166520899.7740361,1.0,1
10.206121587753296,483011.8,99.4,46.08447306815184,0.0,0.0,0.0,46.6,0.0,0.0,60.0,9333.2,3422.6,166519819.2535444,1.0,1
0.0,0.0,0.0,10.107797387892546,0.0,0.0,0.0,0.0,0.0,1.0,60.0,60.0,60.0,0.0028243064880371,0.0,0
36.88429291248322,1777767.7,97.0,76.06388165836884,0.0,1.6,0.0,230.7,0.0,0.0,943.8,1950.5,992.3,0.0054145097732543,0.9,1
30.032425189018248,25651.8,133.7,4.601647197070715,0.0,0.0,0.0,71.0,0.0,0.0,66.0,223.9,152.0,0.0172945022583007,0.9,1
51.10276737213135,64992.6,97.0,13.154492159122464,0.6,0.9,0.0,222.2,0.0,0.0,54.0,189.4,107.7,0.0097083091735839,0.9,1
28.60240979194641,2620047.4,198.4,80.2904203183771,0.0,2.0,0.0,88.0,0.0,0.0,66.0,1514.0,355.6,166526237.3981248,1.0,1
7.333039879798889,479229.9,147.5,69.16411053673751,0.0,0.0,0.0,23.8,0.0,0.0,318.4,2538.0,356.1,0.0071098804473876,0.9,1
38.55013310909271,125305.9,94.0,24.73294145975435,0.0,0.4,0.0,176.2,0.0,0.0,46.0,430.2,192.4,0.0058032989501953,0.8,1
37.21903207302093,1139892.2,83.1,67.7775437026022,0.0,1.6,0.0,156.5,0.0,0.0,1248.2,2527.6,1586.3,0.0050264120101928,0.7,1
17.531795930862426,25021.8,70.0,12.71184172952852,0.0,0.4,0.0,78.6,0.0,0.0,66.0,414.0,88.8,166516823.0732609,1.0,1
0.276039981842041,104008.4,80.8,266.2378707803695,0.0,0.0,0.0,0.0,0.0,0.0,358.0,2962.0,1371.6,0.0057337999343872,0.9,1
57.772306776046754,97004.1,67.3,8.821148518526247,0.0,0.0,0.0,334.5,0.0,0.0,50.0,230.0,98.0,166522467.4319172,1.0,1
37.46257593631744,52387.0,81.9,18.937074386293155,0.0,1.2,0.0,136.0,0.0,0.0,66.0,139.2,91.5,0.0061280012130737,0.9,1
57.70036532878876,3611183.7,130.8,60.163423501635656,0.0,0.0,0.0,173.9,0.0,0.0,884.5,2962.0,884.5,0.0041568994522094,0.9,1
20.62476181983948,16349.6,75.3,15.03500891676099,0.0,1.2,0.0,53.1,0.0,0.0,55.2,2962.0,674.2,166524277.28128237,1.0,1
1.5818000555038452,123612.0,148.0,65.43090560876306,0.0,2.0,0.0,11.0,0.0,0.0,66.0,2962.0,790.0,166521221.39119917,1.0,1
28.09728934764862,1182642.9,63.6,71.98868394010724,0.0,1.5,0.0,159.2,0.0,0.0,130.6,5897.2,2025.5,0.0078993082046508,0.9,1
33.206665539741515,270332.2,107.5,21.96546856451664,0.0,0.6,0.0,139.4,0.0,0.0,56.4,10202.0,115.8,166519658.85714638,1.0,1
10.28041594028473,54240.6,60.8,36.078963690457,0.5,2.0,0.0,14.7,0.0,0.0,66.0,1494.0,645.6,166601381.94073218,1.0,1
1.5536636352539062,22665.6,49.1,31.40806079646485,0.0,1.6,0.0,4.9,0.0,0.0,55.8,460.7,257.8,0.003933310508728,0.9,1
61.28706715106964,5913.2,76.7,1.336650342346962,0.5,1.0,0.0,13.0,0.0,0.0,63.6,156.8,95.5,0.0338468790054321,0.7,1
2477.170460009575,75490.8,90.3,0.1615105529224857,0.0,0.0,0.0,256.0,0.0,0.0,54.0,358.0,100.7,166601890.45310992,1.0,1
17.65262770652771,87198.8,65.6,42.90568508518128,0.0,0.0,0.0,462.8,0.0,0.0,54.0,214.0,86.0,166576430.05814174,1.0,1
231.03743550777435,109319.2,88.7,6.242999584434129,0.0,0.8,0.0,344.9,0.0,0.0,69.8,492.4,178.8,0.0092880964279174,0.9,1
105.69476082324982,8425.3,147.2,0.6208924423549884,0.0,0.0,0.0,37.1,0.0,0.0,67.2,189.9,107.0,0.0345413923263549,0.9,1
37.68052198886871,36630.2,58.8,39.15706121067122,0.0,1.4,0.0,21.6,0.0,0.0,50.0,691.2,634.8,166601397.34009328,1.0,1
428.371663236618,71017.4,77.7,45.52490781828059,0.7,0.8,0.0,4.4,0.0,0.0,50.0,667.0,80.0,166576513.8586504,1.0,1
379.5475624084473,41059.4,49.4,1.642122463282345,0.0,0.0,0.0,117.6,0.0,0.0,50.2,99.0,82.4,0.0080922842025756,0.9,1
275.8447431564331,47658.4,79.7,1.4981642174234278,0.0,0.4,0.0,154.0,0.0,0.0,56.4,169.4,121.4,166601321.9208985,1.0,1
36.01484742164612,22313.9,64.0,13.74365463234174,0.0,1.8,0.0,71.8,0.0,0.0,66.0,149.2,101.0,166601320.909481,1.0,1
2.42088360786438,109635.6,54.4,73.74293588314742,0.0,1.6,0.0,5.2,0.0,0.0,58.2,4434.0,74.6,166601386.3121634,1.0,1
79.00627031326295,34225.4,100.1,2.3272859644550543,0.0,1.4,0.0,103.1,0.0,0.0,46.0,161.8,112.6,166601354.40114692,1.0,1
44.18838939666748,226683.8,77.7,41.41461917023157,0.0,0.0,0.0,1292.9,0.0,0.0,64.4,309.6,185.7,0.0202478885650634,0.9,1
168.96839532852172,41864.9,82.7,10.58885251871313,0.1,0.6,0.0,85.4,0.0,0.0,57.2,705.9,160.8,0.0077615976333618,0.9,1
92.3263533115387,4500.7,102.2,0.1939687277496961,0.0,0.0,0.0,9.3,0.0,0.0,54.0,790.0,198.1,166601395.0233843,1.0,1
12.54307770729065,81049.3,90.5,50.02733925167962,0.0,0.0,0.0,402.3,0.0,0.0,60.0,533.8,130.5,166576429.3265928,1.0,1
24.668509006500244,7303.6,76.3,2.7486635699287074,0.0,1.2,0.0,27.1,0.0,0.0,63.6,149.2,108.0,0.0202740907669067,0.9,1
11.631771683692932,68071.3,77.3,42.49368012796725,0.0,0.0,0.0,309.7,0.0,0.0,54.0,501.0,88.9,166576429.2328915,1.0,1
1746.1020113945008,6410.0,156.1,34.36531719284686,0.0,0.6,0.0,29.7,0.0,0.0,54.0,872.0,173.1,166601857.57458562,1.0,1
3503.336546754837,38817.8,155.1,6.246099866758876,0.0,0.4,0.0,12.8,0.0,0.0,50.0,1514.0,97.8,166601859.3199468,1.0,1
27.09708416461945,557317.5,210.7,146.9613724305263,0.1,2.0,0.0,16.5,0.0,0.0,66.0,1514.0,66.0,166601465.140831,1.0,1
232.41004667282104,186683.4,63.6,45.34934579937698,0.0,0.6,0.0,96.3,0.0,0.0,46.0,1038.4,647.8,166601454.3170697,1.0,1
30.33230288028717,4657.4,83.1,11.05025180611795,0.1,1.8,0.0,8.6,0.0,0.0,127.0,182.0,135.0,0.0076959133148193,0.4,1
0.0734789371490478,677.9,116.2,76.41810321224911,0.2,1.2,0.0,1.3,1.0,0.0,54.0,435.1,185.9,166601286.7384073,1.0,1
0.4738997459411621,47507.0,58.0,129.71195913165252,0.0,2.0,0.0,2.0,1.0,0.0,54.0,1214.0,866.0,166601310.7447099,1.0,1
3502.296318268776,74560.2,93.2,0.1392609365183771,0.0,0.0,0.0,234.3,0.0,0.0,60.0,678.0,265.5,166601860.01468208,1.0,1
0.3563239097595215,50498.4,137.2,105.20748406356992,0.0,2.0,0.0,15.8,0.0,0.0,494.4,2779.2,922.8,0.0004390001296997,0.9,1
1.421632742881775,1731.0,67.2,30.30148587457267,0.0,0.0,0.0,4.2,0.0,0.0,50.0,314.6,92.3,0.007697319984436,0.9,1
119.1771151781082,11938.6,60.6,6.5682992580833215,0.3,0.4,0.0,0.0,0.0,0.0,50.0,61.0,55.6,0.0047882080078125,0.9,1
42.49413938522339,825897.3,209.3,72.6215261220447,0.0,1.8,0.0,33.3,0.0,0.0,46.0,1514.0,69.2,166601455.15488,1.0,1
52.46637675762177,110225.6,76.3,67.99130670007054,0.0,1.8,0.0,7.2,0.0,0.0,66.0,1494.0,796.4,166601382.98235184,1.0,1
24921.23486278057,2075.2,128.7,3.2245678409831946,0.0,0.0,0.0,2.1,0.0,0.0,54.0,170.6,136.1,0.0348673820495605,0.8,1
870.0329843521118,1775.0,76.1,55.45940130610624,0.1,1.1,0.0,5.7,0.0,0.0,66.8,656.6,156.4,0.0114044189453125,0.9,1
7.253780269622803,7164.2,77.7,23.875245631858675,0.0,1.4,0.0,7.0,0.0,0.0,70.8,887.2,671.2,0.0182480096817016,0.9,1
52.91739406585693,67237.9,92.7,40.72663747612803,0.7,2.2,0.3,4.5,0.0,0.0,63.6,667.0,110.3,166601383.7226866,1.0,1
0.0210326433181762,162.2,64.0,114.99992201770674,0.0,1.3,0.0,0.0,0.0,0.0,66.0,74.0,68.4,166601888.22281662,1.0,1
117.87980666160584,11625.0,136.8,13.225934863874627,0.7,0.8,0.3,33.0,0.0,0.0,54.7,135.3,100.9,0.0273266077041626,0.9,1
0.1687733650207519,8220.7,151.0,150.73625001484623,0.0,2.0,0.0,11.0,0.0,0.0,66.0,616.7,573.2,0.0023277044296264,0.8,1
179.34065639972687,43321.6,80.9,6.824443327078356,0.0,0.5,0.0,48.3,0.0,0.0,193.6,1486.0,209.4,0.0167617082595825,0.9,1
90.72993204593658,143512.9,50.4,109.1127657808991,0.0,1.6,0.0,52.2,0.0,0.0,46.0,364.0,102.9,166576517.1297474,1.0,1
6.634481477737427,807.2,122.1,59.41102476346303,0.0,0.9,0.0,0.2,0.0,0.0,62.4,719.8,202.9,166601338.73193488,1.0,1
27.24855875968933,4767.0,89.5,3.136870755262109,0.0,0.0,0.0,0.0,0.0,0.0,50.0,180.2,117.4,166601424.3265998,1.0,1
3315.70982170105,70471.9,110.2,0.2987335728337964,0.0,0.0,0.0,236.5,0.0,0.0,118.1,230.0,121.9,0.0570564985275268,0.9,1
232.04531750679016,62738.5,62.9,6.689938825700797,0.0,0.5,0.0,215.4,0.0,0.0,86.0,336.0,104.9,0.0118332147598266,0.9,1
36.44881100654602,1321.1,106.9,26.41726987104601,0.3,1.0,0.0,2.5,0.0,0.0,54.0,256.0,64.8,166601304.37649572,1.0,1
18.181869316101075,99117.2,84.8,45.27470273038936,0.0,0.0,0.0,529.8,0.0,0.0,54.0,403.2,135.2,166576429.9202054,1.0,1
18.172190451622008,996.6,91.1,40.78511287975666,0.0,0.2,0.0,0.0,0.0,0.0,43.0,230.0,103.9,166601439.5189946,1.0,1
0.1300941228866577,3855.6,64.0,141.39308539013982,0.0,2.0,0.0,8.6,0.0,0.0,54.0,1122.0,141.6,166601389.50246638,1.0,1
19.70227601528168,125793.5,76.6,57.13770938943319,0.1,0.0,0.0,719.5,0.0,0.0,54.0,230.0,82.2,166576430.2594175,1.0,1
17.318756771087646,5815.8,64.0,2.0555250490126147,0.0,2.0,0.0,19.5,0.0,0.0,66.0,230.0,127.6,166601295.496745,1.0,1
36.597346138954165,3030.9,83.1,103.41467297271495,0.0,1.5,0.0,5.8,0.0,0.0,46.0,230.0,89.8,166601364.9649046,1.0,1
254.3974977016449,136986.9,69.5,3.2377768593664973,0.0,0.2,0.0,424.6,0.0,0.0,72.6,192.2,111.3,0.0284938097000122,0.9,1
2610.1667749881744,6952.2,136.0,1.672847427262629,0.0,0.0,0.0,0.0,0.0,0.0,48.5,230.0,107.8,166601856.76018792,1.0,1
338.6168184041977,53297.6,80.9,2.9260908402303825,0.0,0.0,0.0,3.0,0.0,0.0,50.0,65.2,59.6,0.0308976888656616,0.9,1
141.9036103248596,3922.0,57.5,0.5859429152790103,0.2,0.2,0.0,6.6,0.0,0.0,51.6,505.0,72.4,166601412.94089073,1.0,1
69.42547571659088,65531.8,60.2,27.229126148019088,0.0,1.4,0.0,93.0,0.0,0.0,66.0,1494.0,861.4,166601408.00086242,1.0,1
25.30916886329651,117683.3,92.2,36.23417995093162,0.0,0.4,0.0,685.7,0.0,0.0,54.0,601.6,210.0,166576431.21098226,1.0,1
0.874635124206543,130137.8,62.3,93.43542792570076,0.0,2.0,0.0,7.2,0.0,0.0,199.2,4690.0,199.2,166601385.9890754,1.0,1
0.5735667943954468,25854.3,115.0,41.56708208640688,0.0,1.8,0.0,4.9,0.0,0.0,64.8,3274.1,2106.1,0.0071075916290283,0.9,1
4.558538269996643,4833.8,64.0,5.835145932887832,0.0,2.0,0.0,13.6,0.0,0.0,54.0,150.0,130.8,166601299.5954445,1.0,1
1862.1763392210007,64822.2,74.1,1.34704799110756,0.0,0.3,0.2,223.8,0.0,0.0,55.6,230.0,68.2,166601886.85477328,1.0,1
4.732192754745483,37392.6,55.1,55.05479502403741,0.0,1.8,0.0,13.2,0.0,0.0,66.0,780.0,637.2,0.006380820274353,0.5,1
27.04653251171112,6178.0,57.7,2.2700416713075366,0.4,1.0,0.0,16.2,0.0,0.0,66.0,424.1,238.5,0.0213196992874145,0.9,1
12.472563982009888,45014.3,103.1,28.65971984540064,0.0,0.4,0.0,226.3,0.0,0.0,51.6,143.4,85.0,166576429.6402244,1.0,1
222.8128409385681,28492.3,80.5,1.36540620008556,0.0,0.8,0.0,88.5,0.0,0.0,49.2,235.0,75.7,166601322.2473052,1.0,1
25.984533286094667,141546.3,96.8,50.124622484439904,0.0,0.0,0.0,833.9,0.0,0.0,54.0,200.4,105.3,166576430.68133658,1.0,1
5.531246685981751,94714.0,59.2,60.846943503728255,0.0,2.0,0.0,11.2,0.0,0.0,494.4,1494.0,785.2,0.0036706924438476,0.7,1
139.2378445148468,7190.3,125.4,0.805148480293252,0.0,0.9,0.1,8.1,0.0,0.0,54.0,226.8,101.0,166601362.77339342,1.0,1
102.60080909729004,1852.7,120.8,9.777529738025851,0.0,0.4,0.1,2.9,0.0,0.0,46.0,193.0,93.8,166601450.9667804,1.0,1
37.76939926147461,57196.4,118.3,12.318274762540067,0.0,0.5,0.1,166.8,0.0,0.0,71.8,328.4,253.2,0.030739688873291,0.9,1
0.5202242136001587,25360.7,62.3,159.40524772808266,0.0,1.0,0.0,5.2,0.0,0.0,60.0,1494.0,738.4,166601386.00314388,1.0,1
0.2341374635696411,5781.1,70.8,85.84077359796969,0.2,1.7,0.0,5.9,0.0,0.0,66.0,1088.0,201.2,166601384.502848,1.0,1
63.69537966251373,17169.1,100.1,4.495371516671012,0.0,1.2,0.0,74.3,0.0,0.0,93.2,153.0,106.0,0.0106348037719726,0.8,1
101.85389711856844,18832.1,57.6,2.536944950818426,0.0,0.8,0.0,37.6,0.0,0.0,67.4,176.0,96.6,0.0047719955444335,0.9,1
171.4452676296234,28793.1,59.1,7.46128887280245,0.0,0.4,0.0,1.2,0.0,0.0,56.8,118.0,64.0,0.0162819147109985,0.9,1
192.1653603553772,384535.4,63.6,37.58564091973098,0.0,1.2,0.0,134.7,0.0,0.0,66.0,3975.6,1249.6,0.0068413019180297,0.9,1
0.3146562099456787,8248.2,191.9,74.63946646934389,0.5,2.0,0.0,8.8,0.0,0.0,66.0,435.8,137.1,166601372.4884329,1.0,1
334.1715618610382,2999.2,53.9,0.1382523206676977,0.0,0.0,0.0,0.0,0.0,0.0,47.6,230.0,76.2,166601463.2158367,1.0,1
46.04003021717072,5161.7,87.2,108.53661850610642,0.0,1.0,0.0,8.3,0.0,0.0,60.6,550.0,88.8,166601399.1675027,1.0,1
0.3833482503890991,3447.4,64.0,185.91912213691663,0.0,1.9,0.0,8.3,0.0,0.0,114.4,550.0,137.2,0.01006920337677,0.9,1
0.3511037349700928,7896.7,118.0,98.77802850738382,0.1,1.3,0.0,9.8,0.0,0.0,58.0,573.0,99.0,166601384.50542998,1.0,1
0.198739743232727,669.8,64.0,48.93585264823383,1.2,2.0,0.0,1.7,0.0,0.0,66.0,88.2,87.4,166601887.9838341,0.3,1
2.359719038009644,7655.3,117.4,48.96115501499924,0.6,2.3,0.1,10.7,0.0,0.0,50.0,776.8,343.0,166601343.3853331,1.0,1
117.773326921463,2295.7,93.8,270.9891132554375,0.0,0.9,0.0,1.9,0.0,0.0,55.8,230.0,87.1,166601373.81914598,1.0,1
0.1659039974212646,21196.4,185.8,165.4252055230622,0.0,2.0,0.0,7.7,0.0,0.0,66.0,4410.0,517.5,166601456.0331066,1.0,1
72.52140777111053,5769.1,64.0,1.541972618997048,0.0,1.4,0.0,13.8,0.0,0.0,54.0,204.0,172.4,166601306.2468391,1.0,1
167.39096035957337,181816.3,82.7,34.60138206620833,0.0,1.0,0.0,205.3,0.0,0.0,62.4,1039.2,627.5,0.0134912014007568,0.9,1
0.1040580987930297,3515.6,64.0,158.28089895613903,0.0,2.0,0.0,7.4,0.0,0.0,69.2,373.6,190.0,0.0021932125091552,0.9,1
172.1060197353363,107270.6,56.7,86.29435285616675,0.0,1.6,0.0,45.1,0.0,0.0,64.4,1065.6,778.4,0.0033082962036132,0.5,1
25.751171708106995,6212.2,83.1,2.761058105033306,0.0,1.8,0.0,15.4,0.0,0.0,76.4,161.2,118.3,0.0184567928314208,0.8,1
140.04755651950836,31768.6,64.0,20.733157297400705,0.0,1.2,0.0,4.8,0.0,0.0,52.8,1210.8,920.0,0.0064501047134399,0.9,1
99548.15847432612,13444.8,131.4,0.5778438517725897,0.0,0.0,0.0,34.8,0.0,0.0,88.5,325.5,222.3,0.0642549037933349,0.9,1
20.49388906955719,41915.5,69.0,9.783235730354738,0.0,0.6,0.0,116.3,0.0,0.0,50.0,156.0,100.4,166601341.6076515,1.0,1
6.388096904754638,5760.8,84.1,24.400570745846192,0.1,1.3,0.0,4.9,0.0,0.0,46.0,4374.0,148.5,166601387.5408993,1.0,1
0.4802955627441406,5592.3,148.3,33.37588272289251,0.6,2.0,0.0,3.3,0.0,0.0,54.0,2663.6,609.4,166601291.0405622,1.0,1
226.44218270778657,3747.0,75.2,0.110441269131758,0.0,0.0,0.0,0.0,0.0,0.0,50.0,212.0,116.0,0.0376003980636596,0.9,1
99.8767955303192,3743.4,96.2,1.5512576114618926,0.0,1.1,0.4,10.0,0.0,0.0,49.6,77.0,59.6,0.0223111867904663,0.9,1
671.9750859737396,16498.6,64.8,3.32311838227531,0.0,0.4,0.0,43.4,0.0,0.0,50.0,163.4,100.3,166576512.31491,1.0,1
20.24979319572449,6081.4,97.4,12.056001227880357,0.0,1.2,0.0,17.8,0.0,0.0,46.0,1594.9,464.9,0.0185948133468627,0.8,1
69.42504522800445,9922.4,97.4,1.9045534624234128,0.0,0.2,0.0,14.5,0.0,0.0,50.0,156.0,84.8,166601295.3148254,1.0,1
0.7489631414413452,34525.4,57.6,55.405956307334,0.0,2.0,0.0,8.0,0.0,0.0,66.0,2779.2,1065.6,166601383.1187686,1.0,1
0.074770188331604,390.1,64.0,53.49868534326873,0.5,1.5,0.0,1.0,0.0,0.0,54.0,218.0,70.0,166601887.12552983,1.0,1
47.17272272109985,244537.6,94.6,44.58969478960684,0.0,1.4,0.0,111.9,0.0,0.0,66.0,851.9,376.5,0.0073330163955688,0.9,1
183.7407672405243,18255.4,130.7,13.06387045879178,0.0,1.2,0.0,46.9,0.0,0.0,92.4,477.6,174.6,0.0081321954727172,0.9,1
5.966232967376709,71585.2,81.5,68.8492116533493,0.0,1.6,0.0,7.6,0.0,0.0,780.0,1494.0,1093.0,0.0039819002151489,0.5,1
37.52559397220612,3372.3,87.2,10.136612385712562,0.0,1.0,0.1,5.9,0.0,0.0,57.2,156.4,121.0,0.0230933904647827,0.9,1
65.55157685279846,7619.0,134.8,7.83657131195889,0.0,0.0,0.0,6.8,0.0,0.0,50.0,773.0,115.0,166601428.78380352,1.0,1
0.8303109407424927,101831.0,107.2,80.08547642741118,0.0,2.0,0.0,5.0,0.0,0.0,346.0,3558.0,2974.0,0.0006016969680786,0.9,1
81.63115441799164,10979.4,80.7,2.512168760585923,0.0,0.0,0.0,0.0,0.0,0.0,79.6,330.0,139.2,0.0108417034149169,0.9,1
29.90280694961548,13828.8,184.3,184.24194255654896,0.0,1.6,0.0,3.2,0.0,0.0,50.0,4410.0,527.2,166601414.31730312,1.0,1
40.27040295600891,3570.6,74.5,1.724776358966754,0.0,1.0,0.3,6.4,0.0,0.0,62.4,789.0,181.2,166601295.0296357,1.0,1
447.0304414272308,62256.2,59.8,2.5519710112801075,0.0,0.0,0.0,1.6,0.0,0.0,57.3,123.0,66.4,0.0160465955734252,0.9,1
392.5013171672821,41303.4,89.0,1.6502525746022922,0.0,0.0,0.0,1.6,0.0,0.0,50.0,230.0,94.8,166601376.302827,1.0,1
31.07474839687348,2253.8,83.1,0.2529006861586805,0.0,0.0,0.0,4.8,0.0,0.0,181.7,790.0,283.2,0.018932294845581,0.9,1
1.4403508186340332,123657.9,78.0,91.29577199236272,0.0,1.8,0.0,7.3,0.0,0.0,785.7,1494.0,928.5,0.0063138008117675,0.5,1
62.5403130531311,14001.0,81.0,85.64989909642702,0.0,0.7,0.0,61.7,0.0,0.0,54.0,261.0,78.8,166601400.415203,1.0,1
4.331955671310425,1794.1,81.1,81.46118674771928,0.0,1.6,0.0,5.0,0.0,0.0,43.0,239.2,184.8,166601425.37109163,1.0,1
46.62980101108551,216612.0,129.2,78.06411790010675,0.0,1.8,0.0,125.0,0.0,0.0,66.0,2382.8,800.6,166601331.125895,1.0,1
130.52512044906615,49866.7,181.0,3.4556315897315826,0.0,0.0,0.0,143.7,0.0,0.0,54.0,228.4,138.0,166601350.540018,1.0,1
89.61677017211915,1968.4,151.5,0.2387306117254248,0.0,0.0,0.0,7.4,0.0,0.0,65.4,100.9,78.8,0.035822582244873,0.9,1
29.29794673919677,6486.5,80.7,2.118437795827758,0.0,0.0,0.0,21.6,0.0,0.0,88.2,347.0,250.8,0.0212666034698486,0.9,1
357.10785844326017,126477.4,82.6,62.97904203844399,0.0,1.0,0.0,269.3,0.0,0.0,784.2,1494.0,803.6,0.0058839082717895,0.5,1
8.020112109184264,5139.8,64.0,3.6705116100235786,0.0,2.1,0.0,15.5,0.0,0.0,76.4,137.2,104.4,0.0204235076904296,0.8,1
15.647208619117738,7887.2,78.9,5.271534367331135,0.3,1.5,0.0,13.8,0.0,0.0,66.0,230.0,102.8,166601389.6600073,1.0,1
142.8338797569275,29962.9,95.5,5.893599249614899,0.0,0.6,0.0,47.7,0.0,0.0,50.0,536.8,181.5,0.0064527034759521,0.9,1
0.0981111049652099,2089.2,64.0,105.38261682449524,0.0,2.0,0.0,3.7,0.0,0.0,46.0,982.1,279.3,166601400.7614427,1.0,1
0.2549422264099121,10587.8,97.8,70.08605174468812,0.0,2.0,0.0,6.6,0.0,0.0,66.0,2962.0,1133.1,166601378.4753772,1.0,1
1.368108010292053,1565.6,54.4,16.343322743014607,0.3,0.4,0.0,1.8,0.0,0.0,60.0,199.0,94.7,166601385.02868518,1.0,1
0.0758436679840088,5688.0,124.4,163.0844819161027,0.0,1.6,0.0,4.3,0.0,0.0,61.2,2922.0,155.9,166601395.280718,1.0,1
2.56429603099823,84958.1,59.2,82.48454488892457,0.0,1.8,0.0,8.6,0.0,0.0,62.0,1208.0,646.8,0.0024786949157714,0.9,1
261.9767062664032,56325.1,74.1,1.3154415510258637,0.0,0.6,0.0,208.3,0.0,0.0,60.0,790.0,103.0,166601462.20530587,1.0,1
0.5118063688278198,7561.8,116.2,80.4897120974027,0.0,2.6,0.0,7.9,0.0,0.0,66.0,2962.0,428.4,166601378.40736142,1.0,1
221.29660263061524,78717.6,84.5,11.738025961613625,0.0,0.6,0.0,243.9,0.0,0.0,46.0,578.2,136.9,166601331.8110349,1.0,1
240.43975291252136,40309.0,64.0,3.104725223110944,0.0,0.0,0.0,0.0,0.0,0.0,50.0,214.0,54.0,166601356.83865568,1.0,1
100.21534478664398,8695.2,86.8,5.595184545493929,0.2,0.2,0.0,36.8,0.0,0.0,52.4,102.2,71.6,0.0262688875198364,0.9,1
183.68406856060028,42389.9,119.1,3.4215188877505094,0.0,1.6,0.3,121.3,0.0,0.0,86.0,230.0,122.9,0.0184113025665283,0.9,1
7.493894147872925,36365.4,69.9,42.4767133119512,0.3,1.0,0.0,7.7,0.0,0.0,91.2,1225.2,802.0,0.0021677017211914,0.8,1
31.850255417823792,543.0,64.0,3.27178266007911,0.0,2.1,0.0,0.5,0.0,0.0,82.8,218.0,100.3,0.0263626098632812,0.9,1
3809.129834127426,83140.7,134.3,0.1433882518186759,0.0,0.0,0.0,266.9,0.0,0.0,57.2,264.2,137.4,166601889.566078,1.0,1
7.274243903160095,487141.9,161.8,78.68523433468262,0.0,2.0,0.0,18.8,0.0,0.0,66.0,1999.0,307.0,166601465.3803084,1.0,1
13.703226280212402,4734.1,74.1,3.1189320218655583,0.0,1.9,0.4,18.7,0.0,0.0,61.0,137.4,87.6,0.0153892040252685,0.9,1
73.77421197891235,215880.8,112.6,23.610507286637493,0.0,2.6,0.0,110.1,0.0,0.0,56.4,2503.0,959.0,166601465.8368116,1.0,1
33.598739218711856,8164.9,64.0,1.843700370249593,1.7,2.0,0.0,25.8,0.0,0.0,66.0,124.8,76.8,0.0161626100540161,0.7,1
154.22558243274688,31591.2,64.0,11.05073222909586,0.0,0.8,0.0,37.5,0.0,0.0,475.0,1486.0,578.1,0.0062355995178222,0.8,1
98.6146449804306,8348.7,102.2,2.0805436767302226,0.0,0.9,0.1,29.4,0.0,0.0,66.0,170.2,130.9,0.0151247978210449,0.9,1
0.1648101091384887,997.9,64.0,42.05371924275869,0.0,2.0,0.0,1.7,0.0,0.0,70.8,763.6,363.6,0.0006463050842285,0.9,1
3.4534173011779785,2004.2,64.0,272.7872298742115,0.0,1.8,0.1,5.7,0.0,0.0,66.0,1122.0,84.8,166601394.64952737,1.0,1
87.41694839000702,2785.1,63.4,64.87252457854676,0.0,0.8,0.0,9.5,0.0,0.0,60.0,336.5,204.9,166601359.7175152,1.0,1
31.67549979686737,2015.8,83.1,102.18632609028792,0.0,1.7,0.0,8.8,0.0,0.0,59.2,566.0,278.1,0.0088506937026977,0.8,1
1.7983237981796265,72879.8,64.0,37.52602664376864,0.0,2.0,0.0,11.0,0.0,0.0,66.0,3830.8,2382.8,166601331.0819284,1.0,1
46.22909858226776,76331.7,98.4,11.811784627127953,0.0,0.0,0.0,229.0,0.0,0.0,66.0,198.8,120.8,0.0379055023193359,0.9,1
219.31613473892213,8908.9,139.8,14.66792646056116,0.2,0.4,0.0,27.4,0.0,0.0,57.4,148.0,82.1,0.0183873891830444,0.9,1
263.84285244941714,38447.5,117.1,2.4907330470425664,0.4,0.9,0.0,5.9,0.0,0.0,50.0,140.4,82.6,166601328.3630059,1.0,1
0.0881001710891723,6009.1,52.7,125.26436321525856,0.0,1.8,0.0,4.4,0.0,0.0,60.0,492.8,454.8,0.0008986949920654,0.9,1
132.4389177083969,32505.7,87.5,109.81913436880016,0.0,0.0,0.0,98.6,0.0,0.0,52.0,2962.0,77.4,166601465.34927073,1.0,1
28.250138425827025,136240.7,109.5,44.28149538352274,0.0,0.0,0.0,805.6,0.0,0.0,74.7,214.0,119.7,0.0099760055541992,0.9,1
56.03642735481262,2572.6,97.8,22.267059682673,0.0,0.1,0.0,0.0,0.0,0.0,55.6,181.7,117.5,0.0192875146865844,0.8,1
210.93160660266875,37718.4,82.6,2.8299228084181145,0.0,0.0,0.0,41.8,0.0,0.0,50.0,330.0,81.0,166601442.35951272,1.0,1
255.92151997089385,19239.4,62.4,17.43105082068943,0.0,1.0,0.0,73.3,0.0,0.0,66.0,154.2,103.5,0.0172132968902587,0.7,1
127.3459620475769,5905.6,115.0,2.090250788360825,0.0,0.8,0.3,22.6,0.0,0.0,64.0,155.6,94.0,0.0363255023956298,0.9,1
9.580231785774233,20456.4,63.6,252.0073184152328,0.0,1.4,0.0,55.5,0.0,0.0,66.0,374.0,174.6,0.0072494029998779,0.9,1
143.27124924659728,4956.0,114.0,3.285800509045761,0.0,1.1,0.4,0.0,0.0,0.0,50.8,134.0,92.4,0.0390059947967529,0.8,1
354.9038512945175,36365.6,148.2,0.8357906986891985,0.0,0.0,0.0,153.0,0.0,0.0,73.6,142.3,101.0,0.016602087020874,0.9,1
45.41954388618469,38915.9,64.0,33.68594086292087,0.0,1.8,0.0,123.2,0.0,0.0,66.0,449.5,154.2,166601331.0470799,1.0,1
21.23834633827209,29191.2,64.0,124.7512986035351,0.0,1.8,0.0,84.8,0.0,0.0,54.0,1042.0,287.2,166601353.02272397,1.0,1
68.34383358955384,31320.1,84.6,12.068731768450457,0.0,2.2,0.0,104.8,0.0,0.0,60.0,1325.0,270.6,166601454.9296518,1.0,1
0.0635653495788574,463.1,64.0,82.65619688233656,0.1,1.9,0.0,1.4,0.0,0.0,78.2,141.2,95.8,0.0063598871231079,0.9,1
23.87675738334656,11980.8,64.0,278.9272953109868,0.0,1.4,0.0,42.0,0.0,0.0,66.0,1122.0,92.4,166601309.8842969,1.0,1
38.55235595703125,4061.8,118.6,1.290099399236556,0.0,0.0,0.0,16.7,0.0,0.0,74.0,211.2,130.6,0.0081835985183715,0.9,1
225.9877938270569,4051.7,137.0,2.972020584039039,0.0,0.4,0.1,10.1,0.0,0.0,54.0,149.9,123.7,0.0312914848327636,0.9,1
124.63119781017303,4213.7,66.4,1.0493941475143032,0.0,0.8,0.0,8.3,0.0,0.0,52.0,156.0,104.8,166601407.0488515,1.0,1
171.28422558307648,7468.6,134.8,31.274673737348166,0.0,1.5,0.0,2.4,0.0,0.0,54.0,1550.6,1174.2,166576513.96156368,1.0,1
2.561504101753235,37993.4,90.6,35.47601127928975,0.0,1.8,0.0,5.4,0.0,0.0,1208.4,3554.0,2414.8,0.0034488201141357,0.8,1
75.78007376194,102885.0,91.5,6.28910517722702,0.0,0.0,0.0,285.6,0.0,0.0,50.0,196.6,98.8,166601341.75017932,1.0,1
340.1535706996918,10289.5,141.7,0.1966298052698836,0.0,0.0,0.0,29.4,0.0,0.0,104.4,230.0,125.5,0.0201067924499511,0.8,1
152.3545107126236,21702.1,51.2,2.9242168618751387,0.3,0.9,0.1,3.5,0.0,0.0,52.4,106.6,74.4,0.0108541965484619,0.9,1
3.789830923080444,3516.9,65.1,14.98699817005317,0.6,1.2,0.0,6.4,0.0,0.0,64.8,188.6,128.1,0.0045203924179077,0.8,1
15.489677286148073,1469.8,121.3,1.2050065231448488,0.0,0.7,0.0,1.4,0.0,0.0,54.0,216.8,110.4,166601337.2562683,1.0,1
42.37323567867279,2097.9,132.0,4.486151201229081,0.0,0.2,0.0,0.8,0.0,0.0,61.7,299.8,136.5,0.0547591924667358,0.9,1
436.9893315792084,2014.3,62.9,16.392892803376334,1.5,1.6,0.0,6.2,0.0,0.0,66.0,75.6,69.2,0.0024201154708862,0.3,1
0.4003592014312744,3679.3,61.8,56.08028111183936,0.0,2.2,0.1,8.1,0.0,0.0,114.4,550.0,184.4,0.0009778976440429,0.9,1
1.1689146518707276,78545.0,62.3,74.84451538127824,0.0,2.0,0.0,8.0,0.0,0.0,66.0,1351.2,1351.2,0.0033767223358154,0.9,1
122.64898793697355,2443.0,98.2,18.582109403033108,0.0,1.4,0.0,11.4,0.0,0.0,66.0,944.4,277.8,0.0150650024414062,0.9,1
96.10443091392516,34471.9,82.1,8.314307743114345,0.2,1.2,0.0,97.4,0.0,0.0,60.0,145.2,96.2,0.0097593784332275,0.9,1
7.565536189079284,36455.0,69.7,31.838060208538728,0.0,0.0,0.0,158.4,0.0,0.0,50.0,292.0,105.4,166576429.05795375,1.0,1
27.45002074241638,4517.1,206.5,14.59853110938592,0.0,1.2,0.0,2.0,0.0,0.0,56.6,2922.0,725.8,166601295.27367598,1.0,1
0.0682580947875976,1359.3,64.0,224.03615912686345,0.0,1.9,0.0,2.5,0.0,0.0,69.0,676.4,280.7,0.0102716922760009,0.9,1
104.08207170963288,61599.3,61.3,3.3370645113897908,0.0,0.6,0.0,185.7,0.0,0.0,60.0,125.4,86.8,0.0383749961853027,0.8,1
51.87080776691437,9065.3,112.7,38.21128525342769,0.0,0.4,0.0,36.3,0.0,0.0,80.8,849.6,203.2,0.012449288368225,0.9,1
131.8086477994919,8754.6,61.3,2.655280477290521,0.0,0.0,0.0,23.8,0.0,0.0,54.0,230.0,142.3,166601417.5179125,1.0,1
54.96625046730041,8073.6,88.9,1.9703523437117565,0.0,0.4,0.2,34.6,0.0,0.0,54.0,212.4,114.2,0.0178637981414794,0.9,1
38.583083152771,73343.2,96.8,56.48115811717237,0.0,1.8,0.0,8.4,0.0,0.0,66.0,1494.0,937.6,166601451.404876,1.0,1
24878.96185166836,1079.2,160.3,0.1701798442054431,0.0,0.1,0.0,1.5,0.0,0.0,57.0,135.6,103.6,166601289.47231752,1.0,1
7.678643965721131,39043.0,77.5,46.60550829934224,0.0,1.8,0.0,7.6,0.0,0.0,63.6,1494.0,779.2,166601381.46607918,1.0,1
118.73864960670473,13637.9,70.3,2.244008340563437,0.0,0.0,0.0,0.5,0.0,0.0,48.8,230.0,60.9,166601347.8789999,1.0,1
12.9468120098114,49614.1,58.9,99.54703258659733,0.0,0.8,0.0,2.7,0.0,0.0,60.0,1494.0,79.3,166601379.5888616,1.0,1
15.508190822601318,5193.3,43.8,27.61563189455824,0.0,0.6,0.0,20.9,0.0,0.0,42.0,284.0,86.2,166601426.9511754,1.0,1
1.3841998815536498,121202.6,57.6,97.15992549018092,0.0,2.0,0.0,8.0,0.0,0.0,54.0,1494.0,922.8,166601460.2462487,1.0,1
0.5858792901039124,143397.27,64.0,262.3791322880013,0.0,0.03,0.0,0.01,0.0,0.0,381.76,1490.96,923.52,83370996.25534293,0.95,1
57.3616387963295,741389.88,116.14,38.44892998152452,0.0,0.96,0.0,192.78,0.0,0.0,61.53,1114.54,632.5,83375042.5896018,0.92,1
0.0,0.0,63.36,52.34080202659276,0.0,0.0,0.0,0.0,0.0,0.0,398.46,1514.0,934.98,83249758.45623371,0.95,0
0.0,54.0,64.0,1.4860339233341435,1.0,0.0,1.0,0.0,0.0,0.0,54.0,54.0,54.0,83344228.2420105,0.0,1
0.0,53.46,63.36,0.5905052677727581,0.99,0.0,0.99,0.0,0.0,0.0,54.0,54.9,54.06,83344764.57214694,0.15,1
0.0481108212471008,93489.5,64.0,1286.8689662373276,0.0,0.0,0.0,0.0,0.0,0.0,419.6,1514.0,938.0,83370694.84537971,0.95,1
0.0,54.0,64.0,17.438447034660243,0.0,1.0,0.0,0.0,0.0,0.0,54.0,54.0,54.0,83089763.88069628,0.0,0
2.991031630039215,443216.48,66.55,89.22347533052235,0.0,0.01,0.0,0.0,0.0,0.0,325.73,1479.44,919.31,83366515.35300167,0.95,1
0.0,54.0,64.0,82.37774351621805,0.0,1.0,0.0,0.0,0.0,0.0,54.0,54.0,54.0,83088890.19617596,0.0,0
0.0441213846206665,26.6,65.33,14.62315144453829,0.02,0.02,0.0,0.06,0.0,0.0,296.17,1502.48,903.08,83253392.99144767,0.95,1
23.722728486061097,263023.8,108.18,7026.579812334469,0.0,2.0,0.0,98.19,0.0,0.0,89.74,1649.51,341.91,83375190.61071156,0.95,1
0.0,0.0,64.0,37.0240276821496,0.0,0.0,0.0,0.0,0.0,0.0,42.0,42.0,42.0,83127730.46886998,0.0,0
0.8335629081726075,96.12,64.0,1.4037443674879488,0.0,1.78,0.0,0.0,0.0,0.0,54.0,54.0,54.0,83362135.75064784,0.0,1
10.282239747047424,2637.82,65.87,126.04859355668172,0.0,1.66,0.0,7.72,0.0,0.0,68.66,178.61,96.67,83375070.74124521,0.88,1
46.40967302799225,12338.02,65.68,1.4219860535418485,0.37,1.5,0.0,6.48,1.0,0.0,74.8,77.0,76.64,83375290.22261114,0.79,1
0.0,712.32,60.8,3.409544026184007,0.0,0.01,0.0,0.0,0.0,0.0,347.38,1502.6,891.1,83335352.34540638,0.95,1
0.0,0.0,64.0,47.70781366410176,0.0,0.0,0.0,0.0,0.0,0.0,42.0,42.0,42.0,83124877.06216559,0.0,0
0.3889408278465271,452.78,62.46,8.683444506049378,0.13,0.33,0.09,0.5,0.0,0.0,184.64,1450.64,731.47,83248921.60620385,0.94,1
0.0924294233322143,25331.5,64.0,4921.1866078727135,0.0,0.0,0.0,0.0,0.0,0.0,50.0,50.0,50.0,83106162.18051451,0.0,1
0.0,54.0,64.0,0.174057781346948,0.0,1.0,0.0,0.0,0.0,0.0,54.0,54.0,54.0,83090201.986318,0.0,0
0.0057487654685974,459.02,59.52,72.08600573245648,0.0,0.0,0.65,0.0,1.0,0.0,216.04,994.98,543.22,83340122.98673628,0.66,1
0.0,54.0,64.0,40.90407645796762,0.0,0.0,0.0,1.0,0.0,0.0,54.0,54.0,54.0,83313737.80673166,0.0,1
0.0,54.0,64.0,6.730073030601481,0.0,0.0,0.0,0.0,1.0,0.0,54.0,54.0,54.0,83072248.38268688,0.0,1
3.994217133522034,98.11,64.0,0.405696690395612,0.0,1.8,0.0,0.0,0.0,0.0,54.0,61.03,54.37,83361433.69557458,0.19,1
0.0,742.94,67.82,20.33616729333789,0.0,0.0,0.02,0.0,0.0,0.0,424.6,1514.0,926.2,83336687.83470786,0.95,1
3.311575493812561,143.36,65.66,0.8182424495810793,0.0,2.64,0.0,0.0,0.0,0.0,54.0,56.6,54.2,83365532.99405032,0.13,1
0.0,53.46,63.36,2.1401953957803963,0.0,0.99,0.0,0.0,0.0,0.0,54.0,54.18,54.06,83090112.45312732,0.03,0
0.0,54.0,64.0,30.02289849574278,0.0,0.0,0.0,1.0,0.0,0.0,54.0,54.0,54.0,83331208.56996626,0.0,1
0.0,54.0,64.0,1.3101308505331506,0.0,0.0,0.0,1.0,0.0,0.0,54.0,54.0,54.0,83332098.37796912,0.0,1
9.949097578525544,5511.47,66.3,1.5565870701602171,0.21,3.33,0.87,2.83,1.0,0.0,62.33,408.37,172.13,83158193.13257545,0.95,1
0.0,0.0,62.72,308.927156220078,0.0,0.0,0.0,0.0,0.0,0.0,42.0,45.42,42.36,83128808.53963512,0.19,0
0.0,0.0,64.0,43.96946323872197,0.0,0.0,0.0,0.0,0.0,0.0,419.6,1514.0,938.0,83250027.56444179,0.95,0
2.3388535284996035,2800179.62,62.41,685.7119919854806,0.0,1.94,0.0,8.64,0.0,0.0,817.12,4207.28,2311.88,83340751.64820796,0.94,1
0.0,0.0,64.0,41.63594516445135,0.0,0.0,0.0,0.0,0.0,0.0,42.0,42.0,42.0,83129067.26636276,0.0,0
0.0,54.0,64.0,166.2229619942139,0.0,1.0,0.0,0.0,0.0,0.0,54.0,54.0,54.0,83089762.63769744,0.0,0
0.0080985593795776,57.42,63.79,21.40639044785088,0.0,0.99,0.0,0.0,1.0,0.0,54.0,54.0,54.0,83090049.13270302,0.0,1
3.3817476511001585,136.62,64.0,0.7406966794032604,0.0,2.53,0.0,0.0,0.0,0.0,54.0,54.0,54.0,83361900.03567353,0.0,1
0.0057083177566528,78.12,63.6,53.13210094365707,0.01,0.06,0.0,0.05,0.0,0.0,54.0,116.04,58.11,83037682.03831404,0.17,1
0.0,54.0,64.0,912.0034790171776,0.0,0.0,0.0,0.0,0.0,0.0,54.0,54.0,54.0,83072466.59147951,0.0,1
0.0,54.0,64.0,2.032184829173062,0.0,1.0,0.0,0.0,0.0,0.0,54.0,54.0,54.0,83089917.21061192,0.0,0
3.312585909366608,7792.16,84.69,7.134117248397896,0.04,2.04,0.07,2.57,0.0,0.0,249.64,1172.16,691.95,83158227.74467538,0.8,1
0.0,757.0,64.0,1.40400956156948,0.0,0.0,0.0,0.0,0.0,0.0,419.6,1502.6,944.0,83336180.34817246,0.95,1
2.8875629997253416,578902.49,71.62,119.69060699305425,0.01,0.24,0.0,0.02,0.0,0.0,317.84,1502.48,815.68,83374037.25552066,0.95,1
0.0050068616867065,9.34,63.86,19.224614895677725,0.02,0.02,0.0,0.02,0.0,0.0,387.04,1514.0,935.04,83284194.37278368,0.95,1
0.0574811673164367,5547.54,67.34,36.669034933329634,0.98,0.0,0.98,0.04,1.0,0.0,54.0,54.6,54.24,83344983.96941419,0.05,1
0.0,54.0,64.0,1.2238160569135343,1.0,0.0,1.0,0.0,0.0,0.0,54.0,54.0,54.0,83343836.5679456,0.0,1
1.0514458918571472,525.38,64.63,4.1264527536500735,0.02,0.12,0.0,0.46,0.0,0.0,269.43,1490.96,820.1,83283409.67858756,0.95,1
0.0,54.0,64.0,20.91593590034483,0.0,0.0,0.0,1.0,0.0,0.0,54.0,54.0,54.0,83314088.22371618,0.0,1
0.0046716499328613,736.22,66.97,17.569410504218354,0.0,0.0,0.0,0.03,0.0,0.0,341.12,1457.0,915.0,83340517.00732374,0.95,1
0.0,53.46,63.36,1.033447491354991,0.0,0.99,0.0,0.0,0.0,0.0,54.0,54.06,54.06,83089050.04671575,0.0,0
0.0790119481086731,84.24,64.0,14.169306101334422,0.0,0.0,0.56,1.0,0.0,0.0,54.0,54.0,54.0,83313983.51847796,0.0,1
0.0,0.0,64.0,1.4561932506828228,0.0,0.0,0.0,0.0,0.0,0.0,42.0,42.0,42.0,83124070.21443188,0.0,0
0.0,54.0,64.0,3.1750296341115463,1.0,0.0,1.0,0.0,0.0,0.0,54.0,54.0,54.0,83348380.83341461,0.0,1
0.0,54.0,64.0,0.5728998013640557,0.0,0.0,0.0,1.0,0.0,0.0,54.0,54.0,54.0,83313860.66966341,0.0,0
0.0,54.0,64.0,1.209785340679588,0.0,1.0,0.0,0.0,0.0,0.0,54.0,54.0,54.0,83089080.07227173,0.0,0
0.0,54.0,64.0,4.844431559750013,0.0,1.0,0.0,0.0,0.0,0.0,54.0,54.0,54.0,83362405.67479567,0.0,0
0.0,54.0,64.0,0.0,0.0,1.0,0.0,0.0,0.0,0.0,54.0,54.0,54.0,83361416.84043522,0.0,1
0.0,0.0,64.0,138.91298695922166,0.0,0.0,0.0,0.0,0.0,0.0,42.0,42.0,42.0,83150120.25330606,0.0,0
0.0043661212921142,71.28,64.0,25.771654920846835,0.02,1.02,0.0,0.03,0.0,0.0,54.0,89.48,56.2,83076905.10150957,0.18,1
0.0,742.63,64.0,16.859128887555006,0.0,0.0,0.0,0.01,0.0,0.0,359.15,1457.0,929.63,83340713.18455556,0.95,1
0.5215259194374084,176941.18,63.36,418.1772687872116,0.0,0.0,0.0,0.0,0.0,0.0,372.4,1490.96,923.46,83371199.79400726,0.95,1
1.5033746647834778,97.98,64.36,0.7122674968536999,0.0,1.54,0.0,0.0,0.0,0.0,54.0,223.68,68.16,83365610.24317008,0.18,1
0.0005283594131469,55.4,64.0,21.74865616558975,0.99,0.0,0.99,0.0,0.0,0.0,54.0,59.95,54.35,83344117.22919479,0.17,1
0.0,54.0,64.0,26.17971188175668,1.0,0.0,1.0,0.0,0.0,0.0,54.0,54.0,54.0,83349232.357974,0.0,1
4.6387769222259525,565.48,66.09,6.3775918250689445,0.23,1.05,0.14,0.58,0.0,0.0,123.7,1441.8,545.35,83283910.72988649,0.95,1
0.4225714564323425,755.99,69.03,415.8785360549075,0.0,1.78,0.35,2.49,1.0,0.0,56.76,302.84,90.63,83374983.45254764,0.95,1
25.1208367228508,53819.82,123.08,10203.381844267473,0.26,1.63,0.03,137.67,0.0,0.0,63.12,630.78,167.76,83375237.59544113,0.82,1
1.9590714907646176,54230.88,60.87,22.3387158667984,0.0,0.0,0.0,0.02,0.0,0.0,184.94,1430.08,834.47,83366702.92797278,0.95,1
0.0,741.86,63.36,7.462802564996763,0.0,0.0,0.0,0.0,0.0,0.0,368.54,1479.8,929.46,83336648.48064175,0.95,1
30.06141184568405,94278.1,75.76,8.109117319539298,0.04,1.66,0.0,35.63,1.0,0.0,65.54,425.28,173.54,83375324.07982746,0.38,1
0.0,54.0,64.0,10.998611506273134,1.0,0.0,1.0,0.0,0.0,0.0,54.0,54.0,54.0,83343800.14749688,0.0,1
0.0,54.0,64.0,0.6817080701705338,0.0,0.0,0.0,0.0,0.0,0.0,54.0,54.0,54.0,83067514.00386615,0.0,1
0.0015089797973632,756.0,65.27,27.88765529442056,0.0,0.0,0.0,0.0,0.0,0.0,342.54,1456.84,929.3,83336564.5883894,0.95,1
0.0518931722640991,110537.14,62.72,1420.845486943312,0.0,0.0,0.0,0.0,0.0,0.0,298.58,1453.38,920.44,83366701.43309785,0.95,1
0.0187528800964355,55.62,69.73,2.848297321651297,0.0,0.0,0.03,1.0,0.0,0.0,54.0,54.0,54.0,83331759.96630126,0.0,1
0.0,0.0,63.36,37.33746383584814,0.0,0.0,0.0,0.0,0.0,0.0,379.0,1479.44,934.98,83254176.15851776,0.95,0
0.0,68.6,65.71,9.973081289939069,0.0,0.99,0.0,0.0,0.0,0.0,54.0,156.2,68.6,83365493.19799739,0.07,0
2.001354846954346,382920.88,63.36,191.89782743587327,0.0,0.0,0.0,0.0,0.0,0.0,363.34,1490.96,920.82,83366625.8894365,0.95,1
0.0,2.85,63.36,23.48976718386332,0.0,0.0,0.0,0.0,0.0,0.0,337.28,1467.92,901.51,83249807.82557745,0.95,1
0.1371280002593994,637.87,67.8,2.394437972882636,0.09,0.02,0.01,0.03,0.0,0.0,274.42,1407.5,775.73,83335600.33774628,0.94,1
0.0,0.0,64.0,29.26545133837523,0.0,0.0,0.0,0.0,0.0,0.0,42.0,42.0,42.0,83124423.04147403,0.0,0
0.0,0.0,64.0,7.154015190720783,0.0,0.0,0.0,0.0,0.0,0.0,42.0,42.0,42.0,83128982.06671351,0.0,0
5.534605240821838,102.06,63.36,0.3252477336385138,0.0,1.89,0.0,0.0,1.0,0.0,54.0,54.6,54.06,83089223.75062989,0.1,1
0.3977725791931152,349234.38,64.0,608.9619055256518,0.0,0.0,0.0,0.0,0.0,0.0,419.6,1514.0,938.0,83371000.91578409,0.95,1
0.0348452520370483,85.6,64.58,226.0810508377266,0.0,1.53,0.0,0.0,0.0,0.0,54.0,63.44,54.56,83361804.65754598,0.32,1
0.0006397294998168,57.64,64.58,32.131307260585345,0.0,0.99,0.0,0.0,0.0,0.0,54.0,76.32,56.79,83089868.09929202,0.08,1
0.2602682900428772,102.08,64.0,2.536886670595131,0.0,1.0,0.52,0.0,0.0,0.0,63.6,66.0,63.6,83158230.79402703,0.12,1
0.0198632001876831,55.62,64.0,3.027057575702928,0.0,1.03,0.0,0.0,0.0,0.0,54.0,54.0,54.0,83361044.5590163,0.0,1
0.0,54.0,64.0,1.499902552736849,0.0,0.0,0.0,1.0,0.0,0.0,54.0,54.0,54.0,83314730.7292263,0.0,1
0.0,54.0,64.0,0.3899780306913895,0.0,1.0,0.0,0.0,0.0,0.0,54.0,54.0,54.0,83090112.45846368,0.0,0
0.0,53.46,63.36,0.6434242292105548,0.0,0.99,0.0,0.0,0.0,0.0,54.0,54.42,54.06,83076990.28045678,0.07,0
0.0186841893196105,111.83,64.35,56.953777013080526,0.0,0.02,0.0,0.94,0.0,0.0,53.84,62.27,54.85,83331199.4428906,0.23,1
0.0,0.0,64.0,1.1880711459707576,0.0,0.0,0.0,0.0,0.0,0.0,42.0,42.0,42.0,83128612.03964855,0.0,0
0.0402337598800659,19557.5,64.0,9841.162242308004,0.0,0.0,0.0,0.0,0.0,0.0,50.0,50.0,50.0,83123506.23516224,0.0,1
0.0,54.0,64.0,7.375573042599026,0.0,1.0,0.0,0.0,0.0,0.0,54.0,54.0,54.0,83089744.50515902,0.0,0
0.0,0.0,64.0,46.17446827249108,0.0,0.0,0.0,0.0,0.0,0.0,42.0,42.0,42.0,83150330.37198645,0.0,0
0.0415416479110717,17753.5,64.0,9353.794367634791,0.0,0.0,0.0,0.0,0.0,0.0,50.0,50.0,50.0,83107457.68866012,0.0,1
2.253339598178864,124.2,64.0,1.4865155732175983,0.0,2.3,0.0,0.0,0.0,0.0,54.0,54.0,54.0,83361038.27659445,0.0,1
0.1327746129035949,36697.0,64.0,5519.989156265405,0.0,0.0,0.0,0.0,0.0,0.0,50.0,50.0,50.0,83123756.80958548,0.0,1
0.9936082315444946,258909.14,58.24,149.66320784712386,0.0,0.0,0.0,0.0,0.0,0.0,218.94,1476.42,841.7,83370420.06570439,0.95,1
0.0,54.0,64.0,0.4110263698795757,0.0,1.0,0.0,0.0,0.0,0.0,54.0,54.0,54.0,83089350.17083345,0.0,0
2.8620586156845094,3920.9,65.62,207.1096658438954,0.29,1.69,0.31,13.37,0.0,0.0,59.76,204.63,92.01,83375464.74959897,0.95,1
0.0,0.0,63.36,0.7109585911044745,0.0,0.0,0.0,0.0,0.0,0.0,328.27,1467.92,923.51,83249656.24635947,0.95,0
0.0,54.0,64.0,2.287876404094252,0.0,0.0,0.0,0.0,0.0,0.0,54.0,54.0,54.0,83076449.20824207,0.0,1
0.0638025021553039,79.92,62.72,15.648804407271063,0.0,1.48,0.0,0.0,0.0,0.0,54.0,54.72,54.12,83362633.23163976,0.12,1
0.0,54.0,64.0,1432.7255337318536,0.0,0.0,0.0,1.0,0.0,0.0,54.0,54.0,54.0,83331112.99171862,0.0,1
0.112135534286499,28648.0,64.0,6514.451570509734,0.0,0.0,0.0,0.0,0.0,0.0,50.0,50.0,50.0,83106697.42591092,0.0,1
0.0,53.46,63.36,1.282514108085109,0.0,0.0,0.0,0.99,0.0,0.0,54.0,54.66,54.06,83313884.45456968,0.11,1
0.1110178327560424,9191.0,64.0,2781.965436415579,0.0,0.0,0.0,0.0,0.0,0.0,50.0,50.0,50.0,83107449.24009208,0.0,1
0.2825204920768738,73082.74,71.76,163.37186463815362,0.0,0.09,0.0,0.0,0.0,0.0,280.26,1467.92,904.32,83366392.35679919,0.95,1
0.0698796558380127,7891.5,65.91,10399.202490644117,0.0,0.0,0.0,0.0,0.0,0.0,50.0,50.4,50.2,83102141.77846128,0.02,1
1.1738532185554504,150.12,64.0,2.691811394054221,0.0,2.78,0.0,0.0,0.0,0.0,54.0,54.0,54.0,83361030.66281262,0.0,1
0.0993463444709777,91.82,64.0,6.648049850489651,0.0,1.0,0.33,0.0,0.0,0.0,59.4,72.2,67.4,83158231.5614561,0.64,1
0.0436826086044311,38158.56,69.51,554.9218186734903,0.0,0.0,0.0,0.0,0.0,0.0,369.28,1514.0,920.72,83366496.30497213,0.95,1
1.015205399990082,75.6,64.0,0.7880474958483831,0.0,1.4,0.0,0.0,0.0,0.0,54.0,54.0,54.0,83361353.19280265,0.0,1
0.0,54.0,64.0,43.08213155840423,1.0,0.0,1.0,0.0,0.0,0.0,54.0,54.0,54.0,83345157.44617543,0.0,1
0.0,54.0,64.0,1.4696592890609248,0.0,0.0,0.0,0.0,0.0,0.0,54.0,54.0,54.0,83072391.43291165,0.0,1
0.0,54.0,64.0,19.64099022002028,0.0,1.0,0.0,0.0,0.0,0.0,54.0,54.0,54.0,83094326.15765314,0.0,0
0.0,54.0,64.0,13.858984970666617,0.0,0.0,0.0,0.0,0.0,0.0,54.0,54.0,54.0,83072002.05387376,0.0,1
0.0,54.0,64.0,2097152.0,0.0,0.0,0.0,1.0,0.0,0.0,54.0,54.0,54.0,83330833.34147067,0.0,1
0.0,54.0,64.0,85.24228475037852,1.0,0.0,1.0,0.0,1.0,0.0,54.0,54.0,54.0,83344991.40006489,0.0,1
0.0,54.0,64.0,2.0643952090208617,1.0,0.0,1.0,0.0,1.0,0.0,54.0,54.0,54.0,83345043.26151256,0.0,1
0.0,53.66,63.36,20.503727458044715,0.98,0.01,0.98,0.0,0.0,0.0,54.0,57.0,54.26,83348303.9309413,0.22,1
1.3141801500320434,179.1,64.0,1.9390244563035413,0.0,1.8,0.85,0.0,0.0,0.0,56.8,62.2,57.0,83158232.29943222,0.26,1
0.0,2.14,65.91,131.82173612420638,0.0,0.0,0.0,0.0,0.0,0.0,167.92,1499.68,1028.44,83245206.697904,0.93,1
0.0211671209335327,7875.0,64.0,12484.72522709677,0.0,0.0,0.0,0.0,0.0,0.0,50.0,50.0,50.0,83106985.43244739,0.0,1
7.270949473381043,4932.35,71.41,2.00831608826135,0.17,3.52,0.54,2.37,1.0,0.0,56.94,991.94,246.81,83158174.3509364,0.9,1
0.0,54.0,64.0,1.6993970697451848,0.0,0.0,0.0,1.0,0.0,0.0,54.0,54.0,54.0,83331328.39692421,0.0,1
0.0,54.0,64.0,0.400005130833635,0.0,1.0,0.0,0.0,0.0,0.0,54.0,54.0,54.0,83089919.9817009,0.0,0
0.0,741.86,63.36,20.37697093067036,0.0,0.0,0.0,0.0,0.0,0.0,359.94,1491.2,929.46,83339733.74252939,0.95,1
0.0,1.23,65.91,0.2706301321391026,0.0,0.0,0.0,0.01,0.0,0.0,361.14,1479.44,924.09,83283573.20028837,0.95,1
0.0408803105354309,61.6,64.0,55.12405976597866,0.0,0.0,0.0,0.0,1.0,0.0,54.0,54.2,54.04,83076266.80394192,0.05,1
2.758723106384277,708173.5,64.0,169.549765464074,0.0,0.0,0.0,0.0,0.0,0.0,419.6,1514.0,938.0,83370472.23393044,0.95,1
0.0020703101158142,56.7,64.64,7.213646403180799,0.0,0.99,0.0,0.0,0.0,0.0,54.0,55.85,55.85,83361322.65267275,0.0,1
0.0610624933242797,32215.0,64.0,12017.305694560464,0.0,0.0,0.0,0.0,0.0,0.0,50.0,50.0,50.0,83106309.24089794,0.0,1
0.0,0.0,64.0,1.5438640575431108,0.0,0.0,0.0,0.0,0.0,0.0,42.0,42.0,42.0,83124701.75175615,0.0,0
0.0,54.0,64.0,10.94711824926356,0.0,0.0,0.0,0.0,0.0,0.0,54.0,54.0,54.0,83068545.24835032,0.0,1
1.3414814114570617,131.22,64.0,2.106703681838441,0.0,2.43,0.0,0.0,0.0,0.0,54.0,54.0,54.0,83361410.14615466,0.0,1
6.811523599624634,8315.31,70.71,2.398174133586345,0.13,4.01,0.5,3.77,1.0,0.0,167.46,1312.16,518.76,83158173.9559991,0.87,1
2.462899248600006,3215.87,68.3,2.6202550444434136,0.11,1.35,0.99,1.61,1.0,0.0,72.78,534.01,185.15,83158192.312526,0.94,1
0.4370740461349487,196852.58,65.27,586.2970903821953,0.0,0.0,0.0,0.0,0.0,0.0,386.18,1490.96,922.14,83370424.98039809,0.95,1
0.0,0.0,64.0,47.10425300135889,0.0,0.0,0.0,0.0,0.0,0.0,42.0,42.0,42.0,83149403.76869188,0.0,0
1.5484000468254089,85.59,65.28,28.134968235152748,0.0,1.53,0.0,0.0,0.0,0.0,54.0,67.05,54.9,83365395.14983034,0.29,1
0.1082836270332336,56669.88,64.0,1433.7870990908089,0.0,0.0,0.0,0.0,0.0,0.0,342.68,1456.4,923.72,83371096.07983537,0.95,1
0.0,54.0,64.0,2.2224786842438524,1.0,0.0,1.0,0.0,0.0,0.0,54.0,54.0,54.0,83344781.80490701,0.0,1
0.0,54.0,64.0,41.66542919746149,0.0,0.0,0.0,0.0,0.0,0.0,54.0,54.0,54.0,83037117.92043957,0.0,1
0.0,54.0,64.0,0.6416026032635331,0.0,0.0,0.0,0.0,1.0,0.0,54.0,54.0,54.0,83037241.52090424,0.0,1
0.0,54.0,64.0,0.9627659910233284,0.0,0.0,0.0,1.0,0.0,0.0,54.0,54.0,54.0,83314672.46592315,0.0,1
0.0,54.0,64.0,21.29720754640337,1.0,0.0,1.0,0.0,0.0,0.0,54.0,54.0,54.0,83348600.27582459,0.0,1
0.1338075518608093,715.5,70.03,1.9314731311062323,0.0,0.06,0.0,0.0,0.0,0.0,251.7,1374.06,875.74,83340762.55997142,0.95,1
0.0,2.18,69.09,840.710362798156,0.0,0.02,0.0,0.0,0.0,0.0,318.26,1479.44,903.26,83250057.73280182,0.95,0
0.0,54.0,64.0,27.207340389820367,0.0,0.0,0.0,0.0,0.0,0.0,54.0,54.0,54.0,83075979.2909528,0.0,1
15.83550525188446,947.69,62.72,0.7043000557707074,0.44,2.26,0.04,1.57,1.0,0.0,79.96,480.72,152.77,83391646.0317282,0.79,1
0.0022840595245361,53.82,62.5,3.7268307490035695,0.0,0.0,0.0,0.97,0.0,0.0,54.0,54.6,54.12,83318163.74305655,0.1,1
3.0735865378379823,330504.48,57.04,69.28202887808442,0.01,0.04,0.0,0.04,0.0,0.0,257.82,1447.34,798.99,83366261.36242089,0.93,1
0.0,54.0,64.0,8.841337529537496,1.0,0.0,1.0,0.0,0.0,0.0,54.0,54.0,54.0,83345190.22831659,0.0,1
0.0275861263275146,6225.0,64.0,4522.698641894425,0.0,0.0,0.0,0.0,0.0,0.0,50.0,50.0,50.0,83106479.18191783,0.0,1
0.0,0.0,64.0,2.006343873130191,0.0,0.0,0.0,0.0,0.0,0.0,42.0,42.0,42.0,83128978.08448593,0.0,0
0.0842627787590026,759.09,65.07,4.214759671619225,0.01,0.12,0.01,0.01,0.0,0.0,275.76,1457.0,911.86,83340191.66269232,0.95,1
0.0083362579345703,507.14,65.91,104.74876771238247,0.0,0.0,0.7,0.0,1.0,0.0,201.6,1144.0,605.8,83340127.8217671,0.74,1
0.0,54.0,64.0,0.5427095989493366,0.0,1.0,0.0,0.0,0.0,0.0,54.0,54.0,54.0,83362639.58624133,0.0,0
0.0,0.0,64.0,2.4357240345825666,0.0,0.0,0.0,0.0,0.0,0.0,42.0,42.0,42.0,83482363.445596,0.0,0
0.0,54.0,64.0,1.7019730448611918,1.0,0.0,1.0,0.0,0.0,0.0,54.0,54.0,54.0,83340906.45310628,0.0,1
0.0,54.0,64.0,1090.4209021188094,0.0,0.0,0.0,0.0,0.0,0.0,54.0,54.0,54.0,83072481.16813214,0.0,1
0.0022452807426452,683.76,58.77,11.715452159156367,0.01,0.0,0.0,0.0,0.0,0.0,178.3,1403.96,855.96,83340640.35276386,0.91,1
0.0170821189880371,736.82,65.27,23.580628267476257,0.0,0.02,0.0,0.04,0.0,0.0,346.39,1468.4,909.55,83336636.4650901,0.95,1
3.10800122499466,129.6,64.0,0.78204056159763,0.0,2.4,0.0,0.0,0.0,0.0,54.0,54.0,54.0,83361054.20871888,0.0,1
0.0,0.0,64.0,116.67373223177282,0.0,0.0,0.0,0.0,0.0,0.0,362.0,1456.4,938.0,83254319.13546433,0.95,0
0.0,54.0,64.0,5.819433055702393,0.0,0.0,0.0,1.0,0.0,0.0,54.0,54.0,54.0,83314385.74279036,0.0,1
0.2168016934394836,63.72,64.0,1.2511335997606363,0.0,1.18,0.0,0.0,0.0,0.0,54.0,54.0,54.0,83361440.96408355,0.0,1
1.7721374034881592,127153.86,81.06,30.17609263691473,0.0,0.47,0.0,45.09,0.0,0.0,117.21,618.87,289.81,83375075.8266684,0.73,1
1.4945604658126832,7123.63,65.18,8.040055268355662,0.0,2.18,0.39,3.02,0.0,0.0,168.19,880.02,447.75,83158227.5994677,0.79,1
0.8532899641990661,255004.5,63.82,235.2577608984879,0.0,0.02,0.0,0.0,0.0,0.0,353.36,1490.96,923.6,83366650.83047567,0.95,1
0.0327423810958862,16.96,67.18,3483.756518659482,0.01,0.04,0.0,0.02,0.0,0.0,334.84,1490.96,903.2,83250049.50689453,0.95,1
0.0,0.0,64.0,0.0,0.0,0.0,0.0,0.0,0.0,0.0,419.6,1514.0,938.0,83248795.42319885,0.95,0
0.1807158780097961,75.64,65.91,4.568143536449324,0.0,1.4,0.0,0.0,0.0,0.0,54.0,54.68,54.04,83362396.87365232,0.17,1
0.0,54.0,64.0,2.074940796246579,0.0,0.0,0.0,0.0,0.0,0.0,54.0,54.0,54.0,83076523.55119522,0.0,1
0.000455949306488,2.17,64.64,22.03126130524993,0.0,0.0,0.0,0.0,0.0,0.0,139.28,1485.36,1027.72,83245321.84008747,0.94,1
0.0,54.0,64.0,0.8325350653677255,0.0,0.0,0.0,0.0,0.0,0.0,54.0,54.0,54.0,83076512.00305808,0.0,1
0.0,54.0,64.0,4.542844671750731,0.0,0.0,0.0,0.0,0.0,0.0,54.0,54.0,54.0,83076371.81915997,0.0,1
0.0,54.0,64.0,8.676117170806174,1.0,0.0,1.0,0.0,0.0,0.0,54.0,54.0,54.0,83349342.91549228,0.0,1
0.6937323307991028,1014.38,64.0,1123.6409213385375,0.0,0.0,0.0,0.0,0.0,0.0,431.0,1514.0,944.0,83336638.86480217,0.95,1
0.0,54.0,64.0,0.0,1.0,0.0,1.0,0.0,0.0,0.0,54.0,54.0,54.0,83340858.83876252,0.0,1
0.1003065609931945,749.62,64.64,0.7906242478203497,0.0,0.0,0.0,0.0,0.0,0.0,375.31,1491.2,930.07,83335313.00953427,0.95,1
0.0,54.0,64.0,1.5351725397522855,0.0,0.0,0.0,1.0,0.0,0.0,54.0,54.0,54.0,83331330.66964954,0.0,1
0.0759112644195556,22192.0,64.0,8912.747775304399,0.0,0.0,0.0,0.0,0.0,0.0,50.0,50.0,50.0,83097827.9902551,0.0,1
0.0,54.12,64.0,252.20400947650708,0.0,0.0,0.0,0.0,0.0,0.0,54.0,56.16,54.12,83068543.48739578,0.18,1
0.1879012823104858,33177.0,64.0,3808.354580824328,0.0,0.0,0.0,0.0,0.0,0.0,50.0,50.0,50.0,83102220.19866194,0.0,1
0.0,54.0,64.0,5.439355174912826,1.0,0.0,1.0,0.0,0.0,0.0,54.0,54.0,54.0,83348630.56098227,0.0,1
0.0,54.0,64.0,129.05749319220297,0.0,1.0,0.0,0.0,0.0,0.0,54.0,54.0,54.0,83089704.9976105,0.0,0
0.0,54.0,64.0,15.672141928348308,0.0,0.0,0.0,0.0,0.0,0.0,54.0,54.0,54.0,83033384.0781538,0.0,1
7.13247899575667,162.0,64.0,0.440506780123866,0.0,3.0,0.0,0.0,0.0,0.0,54.0,54.0,54.0,75784046.64379935,0.0,1
0.0,0.0,64.0,26.6854161261658,0.0,0.0,0.0,0.0,0.0,0.0,385.04,1479.44,949.52,83254169.47076483,0.95,0
0.3214375758171081,114.48,64.0,5.235103286593897,0.0,2.12,0.0,0.0,0.0,0.0,54.0,54.0,54.0,83365596.38802199,0.0,1
0.8257482552528381,2270.31,63.96,74.28956150993506,0.46,1.85,0.44,8.48,0.0,0.0,59.5,198.26,92.02,83375446.83640431,0.92,1
0.0,54.0,64.0,7.074419102808058,0.0,1.0,0.0,0.0,1.0,0.0,54.0,54.0,54.0,83094079.13222699,0.0,0
2.247469911575317,108.0,64.0,1.1146704905883649,0.0,2.0,0.0,0.0,0.0,0.0,54.0,54.0,54.0,83362502.97539063,0.0,1
0.1730006384849548,30145.0,64.0,8455.868192110833,0.0,0.0,0.0,0.0,0.0,0.0,50.0,50.0,50.0,83123879.67821255,0.0,1
9.736314043998718,513452.35,112.79,148.67178309299518,0.0,1.84,0.0,60.63,0.0,0.0,530.26,4008.0,1322.11,83375512.88295925,0.86,1
0.0,54.0,64.0,83.59766804524392,0.0,0.0,0.0,0.0,0.0,0.0,54.0,54.0,54.0,83076200.5259559,0.0,1
4.582001461982727,108.0,64.0,0.4364904953608468,0.0,0.0,0.0,0.0,0.0,0.0,54.0,54.0,54.0,82950857.09883922,0.0,1
0.4598622298240661,91166.5,64.0,3983.468069238295,0.0,0.0,0.0,0.0,0.0,0.0,50.0,50.0,50.0,83015697.29746357,0.0,1
0.0413199853897094,36475.0,64.0,17648.573751802374,0.0,0.0,0.0,0.0,0.0,0.0,50.0,50.0,50.0,83028443.96220379,0.0,1
0.3802782106399536,139.18,64.0,6.207316920547862,0.0,1.64,0.89,0.0,0.0,0.0,56.52,57.24,56.56,82972404.40531734,0.17,1
0.0623896837234497,38759.16,64.0,12815.872311873934,0.0,0.0,0.0,0.0,0.0,0.0,50.0,50.48,50.16,83016353.72306311,0.03,1
0.0,162.0,64.0,29.970082108071693,0.0,0.0,0.0,0.0,0.0,0.0,162.0,162.0,162.0,83008103.02146643,0.0,1
0.0,54.0,64.0,50.48846517282681,0.0,0.0,0.0,0.0,0.0,0.0,54.0,54.0,54.0,82955911.47938132,0.0,1
0.0238127326965332,21225.0,64.0,17809.037220460956,0.0,0.0,0.0,0.0,0.0,0.0,50.0,50.0,50.0,83016349.79869063,0.0,1
0.036090440750122,35046.0,64.0,19424.927533231657,0.0,0.0,0.0,0.0,0.0,0.0,50.0,52.88,50.48,83015404.75339803,0.06,1
0.0042129874229431,5475.0,64.0,25796.580804550733,0.0,0.0,0.0,0.0,0.0,0.0,50.0,50.0,50.0,83016372.34964733,0.0,1
0.0,54.0,64.0,30.55391530171079,0.0,0.0,0.0,0.0,0.0,0.0,54.0,54.0,54.0,82947519.73264898,0.0,1
0.0039009261131286,5169.5,67.82,26771.540589185977,0.0,0.0,0.0,0.0,0.0,0.0,50.0,56.4,50.4,83016270.6266808,0.32,1
5.333546094894409,112.58,64.0,0.3802661691875484,0.0,0.02,0.0,0.01,0.0,0.0,54.0,86.16,56.2,82946590.93009663,0.23,1
0.0173653483390808,9275.0,64.0,10833.474450391765,0.0,0.0,0.0,0.0,0.0,0.0,50.0,50.0,50.0,83012447.17419791,0.0,1
0.0,55.23,63.58,18.2278146547266,0.0,0.0,0.0,0.01,0.0,0.0,54.0,65.73,54.69,82946599.48792757,0.17,1
4.6171748828887935,108.0,64.0,0.4331653139388099,0.0,0.0,0.0,0.0,0.0,0.0,54.0,54.0,54.0,82947248.68720248,0.0,1
0.4005536842346191,125.68,64.0,4.79088471992883,0.0,1.64,0.64,0.0,0.0,0.0,54.0,54.0,54.0,82972619.27174255,0.0,1
4.766335294246674,108.0,64.0,0.4196095966615719,0.0,2.0,0.0,0.0,0.0,0.0,54.0,54.0,54.0,82985324.83450663,0.0,1
4.028991160392761,108.0,64.0,0.4964023289382354,0.0,2.0,0.0,0.0,0.0,0.0,54.0,54.0,54.0,82977523.23575458,0.0,1
0.0056678080558776,101.31,65.91,70.46126270698636,0.03,0.05,0.0,0.04,0.0,0.0,75.72,102.07,78.81,83007695.19432756,0.37,1
0.0425211453437805,9524.44,65.91,173252.14920707606,0.0,0.06,0.0,0.0,0.0,0.0,50.0,57.0,50.92,83011749.0764549,0.32,1
4.510915842056274,108.0,64.0,0.4433689540797427,0.0,0.0,0.0,0.0,0.0,0.0,54.0,54.0,54.0,82951090.15063472,0.0,1
0.0,54.0,64.0,1.0764617414112587,0.0,0.0,0.0,0.0,0.0,0.0,54.0,54.0,54.0,82946988.63010585,0.0,1
5.912048573493958,260.84,66.02,2.108510231008581,0.0,2.99,1.16,0.04,0.0,0.0,57.64,143.87,65.92,82972886.02701302,0.46,1
5.610155439376831,108.0,64.0,0.3564965032605524,0.0,0.0,0.0,0.0,1.0,0.0,54.0,54.0,54.0,82943089.4412471,0.0,1
0.0,54.43,64.0,4.116106214143699,0.0,0.99,0.0,0.01,0.0,0.0,54.0,61.74,54.43,82973119.29534692,0.18,0
0.0337257122993469,57.45,65.73,11.147074605577384,0.01,0.99,0.0,0.02,0.0,0.0,54.0,54.0,54.0,82981032.78603637,0.0,1
0.0650920581817627,33518.3,67.82,63027.188454594834,0.0,0.01,0.0,0.0,0.0,0.0,50.8,54.68,50.84,83012159.73558687,0.17,1
0.019971580505371,5380.22,81.19,7202.426738683646,0.0,0.0,0.0,0.0,0.0,0.0,51.43,59.8,52.23,83016470.12680636,0.25,1
0.0280288672447204,15394.5,63.36,10967.10721253657,0.0,0.0,0.0,0.0,0.0,0.0,50.0,50.1,50.1,83012146.05371934,0.0,1
0.0,56.94,64.64,5.909223769681898,0.0,0.99,0.0,0.0,0.0,0.0,54.0,83.4,56.94,82973055.38391165,0.1,0
0.0,54.0,64.0,3.652095623288476,0.0,1.0,0.0,0.0,0.0,0.0,54.0,54.0,54.0,82986058.9184417,0.0,0
0.0,54.0,64.0,3.926638165080356,0.0,0.0,0.0,0.0,0.0,0.0,54.0,54.0,54.0,82955889.6416028,0.0,1
0.0,54.0,64.0,1.7127523331643957,0.0,1.0,0.0,0.0,0.0,0.0,54.0,54.0,54.0,82985338.03136757,0.0,0
0.0,54.0,64.0,23.086916435713324,0.0,0.0,0.0,0.0,0.0,0.0,54.0,54.0,54.0,82951562.13017005,0.0,1
0.0,81.0,64.0,2.7176549138429955,0.0,0.0,0.0,0.0,0.0,0.0,54.0,54.0,54.0,82925812.20374666,0.0,1
0.0,54.0,64.0,0.0,0.0,0.0,0.0,0.0,0.0,0.0,54.0,54.0,54.0,99547055.28537042,0.0,1
0.0932387924194336,23068.48,64.0,8986.374548180282,0.0,0.02,0.0,0.0,0.0,0.0,50.0,53.12,50.24,83016677.07230324,0.13,1
4.505250623226166,108.0,64.0,0.4439264756146744,0.0,2.0,0.0,0.0,0.0,0.0,54.0,54.0,54.0,82973145.4534301,0.0,1
0.0,54.0,64.0,0.9987263233414758,0.0,0.0,0.0,0.0,1.0,0.0,54.0,54.0,54.0,82926068.61513968,0.0,1
0.0,54.2,63.78,18.194589042046665,0.0,0.01,0.0,0.0,0.0,0.0,54.0,56.2,54.2,82943419.54991005,0.11,1
0.0366175770759582,33125.0,64.0,18088.06998528666,0.0,0.0,0.0,0.0,0.0,0.0,50.0,50.0,50.0,83028576.1177803,0.0,1
0.0644990086555481,27597.5,71.0,8579.850826719916,0.0,0.0,0.0,0.0,0.0,0.0,50.2,58.9,50.9,83011437.27521631,0.44,1
0.0,54.0,64.0,3.9816481537560433,0.0,0.0,0.0,0.0,0.0,0.0,54.0,54.0,54.0,82955757.25417694,0.0,1
8.588157732486724,13993.48,65.61,1.762970126998472,0.04,4.02,0.29,5.54,1.0,0.0,972.82,2296.41,1304.15,83002649.62252535,0.77,1
6.690315158367157,108.0,64.0,0.2989395893628663,0.0,0.0,0.0,0.0,0.0,0.0,54.0,54.0,54.0,82946700.21742691,0.0,1
0.0456289267539978,12527.82,64.0,11576.602128989838,0.0,0.0,0.0,0.0,0.0,0.0,50.0,50.72,50.08,83016669.87599474,0.09,1
0.0,182.0,64.0,6.647371562405802,0.0,0.0,0.0,0.0,0.0,0.0,182.0,182.0,182.0,83006942.24181682,0.0,1
0.0,55.6,65.91,1.5002888401123018,0.0,0.0,0.0,0.0,0.0,0.0,54.0,82.8,55.6,82951152.74844587,0.18,1
0.0146077251434326,10025.0,64.0,13658.7535396871,0.0,0.0,0.0,0.0,0.0,0.0,50.0,50.0,50.0,83016370.52517861,0.0,1
0.0249586868286132,23413.5,65.91,18796.89148453138,0.0,0.0,0.0,0.0,0.0,0.0,50.0,52.2,50.2,83011696.08094986,0.11,1
0.0042530274391174,2925.0,64.0,48109.11998895094,0.0,0.0,0.0,0.0,0.0,0.0,50.0,50.0,50.0,83028623.68554094,0.0,1
5.73638281583786,108.0,64.0,0.3486518203973394,0.0,0.0,0.0,0.0,0.0,0.0,54.0,54.0,54.0,82951233.47625794,0.0,1
6.664181129932404,108.0,64.0,0.3001118932548121,0.0,0.0,0.0,0.0,0.0,0.0,54.0,54.0,54.0,82946369.90892106,0.0,1
4.78312061548233,172.66,64.0,0.7677215418533697,0.0,0.02,0.31,0.11,1.0,0.0,54.0,63.3,54.82,82925073.26783317,0.26,1
0.0,54.0,64.0,1.1264175796493596,0.0,0.0,0.0,0.0,0.0,0.0,54.0,54.0,54.0,82947307.36271667,0.0,1
0.0129122900962829,164.1,64.0,11.344398843750996,0.0,0.0,0.0,0.09,0.0,0.0,54.0,54.0,54.0,82925803.6528797,0.0,1
0.1061723494529724,30267.24,63.36,12969.305761996691,0.0,0.0,0.0,0.0,0.0,0.0,50.0,53.5,50.55,83028640.92346078,0.21,1
0.0,54.0,64.0,23.79374890371753,0.0,1.0,0.0,0.0,0.0,0.0,54.0,54.0,54.0,82972709.17287809,0.0,0
0.2895058441162109,188.0,64.0,3.600469869186488,0.0,0.0,0.0,0.0,0.0,0.0,96.0,107.0,107.0,83007671.91233282,0.1,1
0.0463763093948364,178.28,64.95,1584.8947670300097,0.01,0.06,0.0,0.1,0.0,0.0,149.64,162.0,156.91,83007666.49769975,0.13,1
0.06050226688385,267.38,65.91,18.95332445162348,0.0,0.0,0.0,0.0,0.0,0.0,162.0,166.76,163.08,83007373.56168745,0.07,1
4.169094166755676,7988.77,64.0,116.7204676143548,0.07,0.95,0.1,1.68,1.0,0.0,353.39,1577.88,758.34,82998814.64950188,0.85,1
5.773176903724671,108.0,64.0,0.3464834499888641,0.0,1.96,0.04,0.0,1.0,0.0,54.0,54.0,54.0,82973549.63570638,0.0,1
4.990424435138703,108.0,64.0,0.400767528850192,0.0,0.0,0.0,0.0,0.0,0.0,54.0,54.0,54.0,82946984.35416503,0.0,1
0.0,54.0,64.0,14.133275824886782,0.0,0.0,0.0,0.0,0.0,0.0,54.0,54.0,54.0,82950857.32918745,0.0,1
0.0,54.0,64.0,19.651398034252985,0.0,0.0,0.0,0.0,0.0,0.0,54.0,54.0,54.0,82951544.06628498,0.0,1
0.0438009762763977,13438.36,64.64,26997.09337018433,0.0,0.0,0.0,0.0,0.0,0.0,50.0,53.24,50.36,83011755.86073317,0.09,1
0.1113128972053527,71.92,64.0,3.964351649297298,0.0,1.16,0.16,0.0,0.0,0.0,54.52,54.92,54.64,82972549.45672207,0.1,1
0.0024548864364624,2719.5,67.82,21231.494086533363,0.0,0.0,0.0,0.0,0.0,0.0,50.0,57.2,50.4,83011534.66869958,0.36,1
0.0,180.66,65.27,17.755208388452754,0.0,0.0,0.0,0.0,0.0,0.0,179.56,183.44,181.26,83003704.88006717,0.03,1
6.004777262210846,108.0,64.0,0.3330681449435193,0.0,2.0,0.0,0.0,0.0,0.0,54.0,54.0,54.0,82977269.94263679,0.0,1
0.0,54.0,64.0,4.451820680201421,0.0,0.0,0.0,0.0,0.0,0.0,54.0,54.0,54.0,82956086.65451221,0.0,1
4.62087328672409,108.0,64.0,0.4328186238038372,0.0,0.0,0.0,0.0,0.0,0.0,54.0,54.0,54.0,82947052.59120837,0.0,1
0.0,54.0,64.0,147.18405446187316,0.0,0.0,0.0,0.0,0.0,0.0,54.0,54.0,54.0,82951548.10833304,0.0,1
0.0003651595115661,55.57,64.64,53.9761732000829,0.0,0.0,0.0,0.0,0.0,0.0,54.0,66.78,54.71,82951561.29051666,0.18,1
9.539947209358216,108.0,64.0,0.2096450492876249,0.0,2.0,0.0,0.0,0.0,0.0,54.0,54.0,54.0,82977270.51801428,0.0,1
0.0,54.0,64.0,0.620352812291502,0.0,0.0,0.0,0.0,0.0,0.0,54.0,54.0,54.0,82955901.46187058,0.0,1
0.0572043466567993,2566.52,75.07,91.20494284566573,0.02,1.01,0.0,1.48,0.0,0.0,340.08,1088.93,557.6,83002852.11680721,0.65,1
0.0879294323921203,63.18,64.0,3.732738976843831,0.0,1.0,0.17,0.0,0.0,0.0,54.0,54.0,54.0,82972611.95905793,0.0,1
0.0152184152603149,10425.0,64.0,13697.731375427576,0.0,0.0,0.0,0.0,0.0,0.0,50.0,50.0,50.0,83011850.65165354,0.0,1
4.891286571025848,108.0,64.0,0.4088905052503846,0.0,0.0,0.0,0.0,1.0,0.0,54.0,54.0,54.0,82943050.00005493,0.0,1
0.0570480394363403,18075.0,64.0,6329.528400753307,0.0,0.0,0.0,0.0,0.0,0.0,50.0,50.0,50.0,83015899.84589554,0.0,1
0.0004926419258117,55.6,63.87,90.42079748716915,0.0,0.99,0.0,0.0,0.0,0.0,54.0,57.36,54.24,82972688.74174026,0.14,1
0.1532117462158203,4675.0,64.0,607.5100894911374,0.0,0.0,0.0,0.0,0.0,0.0,50.0,50.0,50.0,83016551.30548963,0.0,1
0.0067252612113952,55.12,64.0,19.09937232207036,0.0,1.01,0.01,0.0,0.0,0.0,54.0,54.0,54.0,82985279.57269204,0.0,1
0.0789843654632568,5671.2,64.0,81751.20321470434,0.0,0.0,0.0,0.0,0.0,0.0,50.0,51.52,50.08,83028636.71886183,0.19,1
0.0,53.46,63.36,72.51061475693244,0.0,0.0,0.0,0.0,0.0,0.0,54.0,54.36,54.06,82951250.05312754,0.06,1
0.2236416220664978,39263.64,63.4,4095.831124951032,0.0,0.0,0.0,0.0,0.0,0.0,57.35,206.43,71.6,83015826.48918469,0.19,1
0.0,54.0,64.0,609.3714949876506,0.0,0.0,0.0,0.0,0.0,0.0,54.0,54.0,54.0,82951566.29302193,0.0,1
0.0,54.0,64.0,93.49242685984952,0.0,0.0,0.0,0.0,0.0,0.0,54.0,54.0,54.0,82955807.48391433,0.0,1
0.0136247491836547,871.85,64.0,84.00025350148903,0.0,0.1,0.0,0.35,0.0,0.0,54.0,484.2,197.4,82955728.00440978,0.15,1
0.0387843489646911,16786.7,63.57,12451.426347197546,0.01,0.06,0.0,0.02,0.0,0.0,50.0,53.38,50.55,83033271.82345559,0.15,1
0.0,54.0,64.0,1.7032497367291228,0.0,1.0,0.0,0.0,0.0,0.0,54.0,54.0,54.0,82980877.72868414,0.0,0
4.468577473163605,108.0,64.0,0.4475703458452525,0.0,0.0,0.0,0.0,0.0,0.0,54.0,54.0,54.0,82946387.37288725,0.0,1
4.877877674102783,120.76,64.0,1.2623308367681003,0.0,2.0,0.22,0.0,0.0,0.0,54.0,54.0,54.0,82972386.4192817,0.0,1
0.0093123793601989,12725.0,64.0,27436.72225668608,0.0,0.0,0.0,0.0,0.0,0.0,50.0,50.0,50.0,83016007.97556566,0.0,1
0.0,54.0,64.0,73.82778286277546,0.0,0.0,0.0,0.0,0.0,0.0,54.0,54.0,54.0,82955827.26488018,0.0,1
3.9018525743484496,108.0,64.0,0.512577352928918,0.0,2.0,0.0,0.0,1.0,0.0,54.0,54.0,54.0,82981620.74779707,0.0,1
0.0,54.0,64.0,4.110565612622461,0.0,0.0,0.0,0.0,0.0,0.0,54.0,54.0,54.0,82947343.14661808,0.0,1
0.0,54.0,64.0,28.78658974327298,0.0,0.0,0.0,0.0,0.0,0.0,54.0,54.0,54.0,82951231.01414835,0.0,1
0.0,54.0,64.0,0.0,0.0,0.0,0.0,0.0,0.0,0.0,54.0,54.0,54.0,82951075.5880273,0.0,1
5.000525200366974,108.0,64.0,0.3999579933391203,0.0,0.0,0.0,0.0,0.0,0.0,54.0,54.0,54.0,82946735.9192145,0.0,1
0.0142066502571105,55.12,64.0,2.9257844943125546,0.0,1.01,0.01,0.0,0.0,0.0,54.0,54.2,54.04,82972882.8849231,0.05,1
0.0728352975845336,28687.36,63.96,15832.985617089347,0.0,0.0,0.0,0.02,0.0,0.0,50.0,51.92,50.16,83016342.44423065,0.12,1
3.03472815990448,5808.84,69.57,245.1084811303512,0.09,1.97,0.41,2.12,1.0,0.0,121.8,930.78,305.0,83002619.08462307,0.84,1
0.0543680691719055,40075.0,64.0,14766.952183095382,0.0,0.0,0.0,0.0,0.0,0.0,50.0,50.0,50.0,83016364.03715338,0.0,1
8.990282318592072,162.0,64.0,0.3336936379776001,0.0,3.0,0.0,0.0,0.0,0.0,54.0,54.0,54.0,82980872.46241616,0.0,1
4.569283058643341,107.5,65.91,0.4333331514499924,0.0,0.01,0.0,0.0,0.0,0.0,54.0,54.32,54.04,82947068.85305709,0.08,1
11.027791004180909,108.0,64.0,0.1813600001605403,0.0,2.0,0.0,0.0,0.0,0.0,54.0,54.0,54.0,82977247.42454119,0.0,1
6.155388348102569,112.22,64.0,0.354191955300662,0.0,0.07,0.0,0.0,0.0,0.0,54.0,56.16,54.24,82950827.07975474,0.09,1
7.92384147644043e-05,54.54,64.0,251.94571733624355,0.0,0.99,0.0,0.0,0.0,0.0,54.0,54.4,54.04,82986051.95910153,0.1,0
0.0,81.0,64.0,6.468658429004137,0.0,0.0,0.0,0.0,0.0,0.0,54.0,54.0,54.0,82925796.03371336,0.0,1
5.015604400634766,107.86,64.0,0.3947680006510706,0.0,0.0,0.0,0.0,0.0,0.0,54.0,56.0,54.4,82951077.49375373,0.05,1
0.0889881205558776,21237.61,63.8,6507.218200423542,0.0,0.0,0.0,0.0,0.0,0.0,49.8,50.0,49.96,83015825.47179623,0.05,1
4.760525050163269,107.4,63.36,0.4342366925081136,0.0,1.96,0.0,0.0,0.0,0.0,54.0,55.3,54.22,82985353.22329934,0.1,1
0.0,150.66,77.37,67.89811164981745,0.0,0.0,0.0,0.0,0.0,0.0,143.6,155.56,155.56,83008176.9078671,0.13,1
4.090872526168823,108.0,64.0,0.4888932605593939,0.0,0.0,0.0,0.0,0.0,0.0,54.0,54.0,54.0,82947536.54898702,0.0,1
0.070216736793518,3839.58,64.0,31695.82367619653,0.0,0.0,0.0,0.0,0.0,0.0,50.0,70.33,53.35,83016347.68400198,0.13,1
4.059102392196655,108.0,64.0,0.492719779506497,0.0,0.0,0.0,0.0,0.0,0.0,54.0,54.0,54.0,82947336.95243238,0.0,1
0.0112041926383972,12875.0,64.0,23058.872735601108,0.0,0.0,0.0,0.0,0.0,0.0,50.0,50.0,50.0,83011683.99796522,0.0,1
0.0,182.0,64.0,31.38078932601784,0.0,0.0,0.0,0.0,0.0,0.0,182.0,182.0,182.0,83007300.90672351,0.0,1
4.427401993274689,108.0,64.0,0.4517322523520957,0.0,0.0,0.0,0.0,0.0,0.0,54.0,54.0,54.0,82951153.4807774,0.0,1
10.06537448167801,108.0,64.0,0.1987010092434709,0.0,2.0,0.0,0.0,0.0,0.0,54.0,54.0,54.0,82977203.53094621,0.0,1
0.1398154044151306,59.4,64.0,1.4315047894386614,0.0,0.0,0.1,0.0,1.0,0.0,54.0,54.0,54.0,82925084.57207347,0.0,1
0.0123107481002807,181.13,63.57,22.283815967530423,0.04,0.06,0.0,0.05,0.0,0.0,143.76,162.0,159.19,83011206.25859207,0.19,1
0.7251250839233399,166.0,64.0,4.137232069387945,0.0,2.0,1.0,0.0,0.0,0.0,54.0,54.0,54.0,82973146.41976531,0.0,1
4.1460492801666256,107.77,64.0,0.4775685873718304,0.0,0.0,0.0,0.0,0.0,0.0,54.0,59.89,54.31,82943398.6514131,0.19,1
0.0645333409309387,46075.0,64.0,14276.547232777357,0.0,0.0,0.0,0.0,0.0,0.0,50.0,50.0,50.0,83011444.56162737,0.0,1
0.2288137912750244,15069.38,66.55,6457.372174441165,0.0,0.09,0.1,0.0,0.0,0.0,50.2,83.32,52.52,83011436.13842766,0.52,1
0.0,57.54,66.41,44.78773285210119,0.0,0.01,0.0,0.0,0.0,0.0,54.0,71.8,57.54,82950825.72442587,0.11,1
4.863266592025757,108.0,64.0,0.4112462214462041,0.0,0.0,0.0,0.0,0.0,0.0,54.0,54.0,54.0,82951558.11919709,0.0,1
0.166732530593872,28121.0,64.0,20610.962076195745,0.0,0.0,0.0,0.0,0.0,0.0,50.0,50.0,50.0,83015723.53746869,0.0,1
0.0,54.08,63.77,1.3138826592667707,0.0,0.0,0.0,0.0,1.0,0.0,54.0,55.04,54.08,82943054.29406872,0.13,1
5.975313200950622,111.48,63.88,0.4687453844746828,0.0,1.98,0.0,0.03,0.0,0.0,54.0,55.52,54.76,82972525.30236799,0.02,1
0.0690862417221069,21575.0,64.0,6241.168958886768,0.0,0.0,0.0,0.0,0.0,0.0,50.0,50.0,50.0,83011566.09902075,0.0,1
0.0,54.51,64.64,14.305534380760896,0.0,0.0,0.0,0.0,0.0,0.0,54.0,56.04,54.51,82951184.15432207,0.04,1
4.899936108589173,108.0,64.0,0.4081686058036313,0.0,0.0,0.0,0.0,0.0,0.0,54.0,54.0,54.0,82951562.09973371,0.0,1
0.0060781931877136,6002.5,67.82,19679.0996927942,0.0,0.0,0.0,0.0,0.0,0.0,50.0,50.6,50.4,83011783.04632771,0.03,1
0.0490765523910522,35625.0,64.0,14742.68796953644,0.0,0.0,0.0,0.0,0.0,0.0,50.0,50.0,50.0,83016003.8579892,0.0,1
4.190445215702057,108.0,64.0,0.4772779322729274,0.0,0.0,0.0,0.0,0.0,0.0,54.0,54.0,54.0,82946962.13523766,0.0,1
4.903090178966522,108.0,64.0,0.4079062091468413,0.0,0.0,0.0,0.0,0.0,0.0,54.0,54.0,54.0,82946972.85931286,0.0,1
0.0228006958961486,30675.0,64.0,26977.854547897183,0.0,0.0,0.0,0.0,0.0,0.0,50.0,50.0,50.0,83016006.30212584,0.0,1
4.223139116764068,108.0,64.0,0.4735814377992522,0.0,0.0,0.0,0.0,0.0,0.0,54.0,54.0,54.0,82943397.90667845,0.0,1
0.0,81.0,64.0,0.9615546436782964,0.0,0.0,0.0,0.0,0.0,0.0,54.0,54.0,54.0,82925824.24512725,0.0,1
0.0007219004631042,181.66,65.7,18.432855208554425,0.0,0.02,0.0,0.0,0.0,0.0,176.6,182.0,180.92,83007014.24771298,0.05,1
5.453199837207794,108.0,64.0,0.3667571638691245,0.0,2.0,0.0,0.0,0.0,0.0,54.0,54.0,54.0,82981003.36171451,0.0,1
0.0177919483184814,10478.4,176.69,11449.021498333504,0.0,0.04,0.0,0.01,0.0,0.0,61.2,98.64,64.08,83028587.20460334,0.19,1
4.281745827198028,108.0,64.0,0.4670991922163202,0.0,0.0,0.0,0.0,0.0,0.0,54.0,54.0,54.0,82946740.86691596,0.0,1
0.0905900335311889,28978.0,64.0,7400.123751717204,0.0,0.0,0.0,0.0,0.0,0.0,50.0,50.0,50.0,83015849.12191144,0.0,1
4.3920608592033386,108.0,64.0,0.4553673415378073,0.0,0.0,0.0,0.0,0.0,0.0,54.0,54.0,54.0,82946974.6515073,0.0,1
0.005599250793457,55.04,64.0,7.258007716204973,0.0,0.0,0.0,0.0,1.0,0.0,53.92,54.0,53.96,82925082.46888013,0.02,1
0.0529994392395019,42125.0,64.0,177800.6987822275,0.0,0.0,0.0,0.0,0.0,0.0,50.0,50.0,50.0,83016282.58884773,0.0,1
0.0,81.0,64.0,59.91491955259912,0.0,0.0,0.0,0.0,0.0,0.0,54.0,54.0,54.0,82925787.27172452,0.0,1
4.632075004577636,108.0,64.0,0.4317720197533644,0.0,0.0,0.0,0.0,0.0,0.0,54.0,54.0,54.0,82956258.33881705,0.0,1
4.969806249141693,108.0,64.0,0.4024301794250747,0.0,0.0,0.0,0.0,0.0,0.0,54.0,54.0,54.0,82946960.88465434,0.0,1
4.7654313206672665,108.0,64.0,0.4196892456383048,0.0,0.0,0.0,0.0,0.0,0.0,54.0,54.0,54.0,82951563.40151052,0.0,1
0.03920743227005,15575.0,64.0,7930.06492216924,0.0,0.0,0.0,0.0,0.0,0.0,50.0,50.0,50.0,83011422.11567111,0.0,1
0.1374143409729004,36280.48,63.13,5709.139330365765,0.0,0.04,0.0,0.0,0.0,0.0,50.08,53.14,50.42,83011426.00016434,0.26,1
0.0,81.0,64.0,6.158610375199533,0.0,0.0,0.0,0.0,0.0,0.0,54.0,54.0,54.0,82925790.14255978,0.0,1
0.0,81.0,64.0,14.264423657365766,0.0,0.0,0.0,0.0,0.0,0.0,54.0,54.0,54.0,82925826.47940621,0.0,1
0.0643257331848144,20775.0,64.0,6454.08783670623,0.0,0.0,0.0,0.0,0.0,0.0,50.0,50.0,50.0,83028495.07518302,0.0,1
0.0,162.0,64.0,35.85641376362471,0.0,0.0,0.0,0.0,0.0,0.0,162.0,162.0,162.0,83007369.36439282,0.0,1
0.0865544295310974,73.36,64.64,5.911675527058998,0.0,1.16,0.17,0.0,0.0,0.0,54.72,60.12,55.0,82972543.66659932,0.19,1
0.6600843834877014,40518.81,64.0,42.36738681808804,0.03,0.9,0.0,10.69,0.0,0.0,54.0,59.02,55.51,82981030.97957939,0.16,1
4.5384336686134334,106.92,63.36,0.4362716184441121,0.0,0.0,0.0,0.0,0.0,0.0,54.0,54.42,54.06,82946985.27815689,0.07,1
7.702097957134247,108.64,64.0,0.2597137610476638,0.0,0.0,0.0,0.0,0.0,0.0,54.0,58.16,54.32,82946718.0004878,0.13,1
0.0,162.0,64.0,4.677878667750071,0.0,0.0,0.0,0.0,0.0,0.0,162.0,162.0,162.0,83007375.24991074,0.0,1
4.241466603279114,106.92,63.36,0.4668186375311242,0.0,1.98,0.0,0.0,0.0,0.0,54.0,54.36,54.06,82972879.93281125,0.06,1
0.0,54.0,64.0,1.7055940772922953,0.0,0.0,0.0,0.0,1.0,0.0,54.0,54.0,54.0,82925079.41764268,0.0,1
0.0,42.0,64.0,27.92832648604018,0.0,0.0,0.0,0.0,0.0,0.0,42.0,42.0,42.0,83006868.53047748,0.0,1
0.0526890563964843,17125.0,64.0,6492.896302489318,0.0,0.0,0.0,0.0,0.0,0.0,50.0,50.0,50.0,83015815.47894879,0.0,1
4.837814650535584,117.1,66.55,0.4265370808245186,0.01,0.0,0.0,0.06,0.0,0.0,54.0,67.6,55.36,82946582.73281454,0.16,1
4.330199999809265,108.0,64.0,0.4618724516767522,0.0,0.0,0.0,0.0,0.0,0.0,54.0,54.0,54.0,82943415.92663674,0.0,1
0.0,54.0,64.0,2.6917575392547595,0.0,0.0,0.0,0.0,1.0,0.0,54.0,54.0,54.0,82943083.98289067,0.0,1
1.4009475708007812e-05,54.78,64.0,1027.875724982982,0.01,0.0,0.0,0.0,0.0,0.0,54.0,55.44,54.12,82946969.27741359,0.12,1
0.0,54.0,64.0,31.5427608819902,0.0,0.0,0.0,0.0,0.0,0.0,54.0,54.0,54.0,82946581.91304456,0.0,1
0.0,54.0,64.0,2.015470522276086,0.0,1.0,0.0,0.0,0.0,0.0,54.0,54.0,54.0,82973000.47257145,0.0,0
4.863947679996491,114.19,63.81,0.5646195145043191,0.02,0.0,0.0,0.01,0.0,0.0,54.0,54.96,54.12,82951240.1576213,0.08,1
0.2644752836227417,46875.0,64.0,3544.282537936045,0.0,0.0,0.0,0.0,0.0,0.0,50.0,50.0,50.0,83011841.03524683,0.0,1
0.038653712272644,43625.0,64.0,22570.42578008174,0.0,0.0,0.0,0.0,0.0,0.0,50.0,50.0,50.0,83015387.17570217,0.0,1
0.0477828240394592,26383.5,63.36,11065.998120066795,0.0,0.0,0.0,0.0,0.0,0.0,50.0,51.3,50.1,83015499.4187415,0.13,1
0.0,54.0,64.0,0.3988636348507374,0.0,1.0,0.0,0.0,0.0,0.0,54.0,54.0,54.0,82977516.72078036,0.0,0
0.0132261776924133,8275.0,64.0,12423.694028262207,0.0,0.0,0.0,0.0,0.0,0.0,50.0,50.0,50.0,83028619.78727622,0.0,1
5.294778072834015,123.62,64.0,0.4243863849679089,0.0,0.0,0.14,0.0,1.0,0.0,53.2,53.96,53.96,82925087.13972077,0.19,1
0.0,54.0,64.0,18.14270883798187,0.0,1.0,0.0,0.0,0.0,0.0,54.0,54.0,54.0,82977545.35176112,0.0,0
0.0,54.0,64.0,2.287207507866136,0.0,0.0,0.0,0.0,0.0,0.0,54.0,54.0,54.0,82946401.88159576,0.0,1
0.0,162.0,64.0,1.8316905793993847,0.0,0.0,0.0,0.0,0.0,0.0,162.0,162.0,162.0,83011215.32133308,0.0,1
5.373938310146332,105.84,62.72,0.3647293213936203,0.0,0.0,0.0,0.0,0.0,0.0,54.0,54.9,54.12,82947504.71853462,0.15,1
0.0,54.0,64.0,24.998757304931143,0.0,0.0,0.0,0.0,0.0,0.0,54.0,54.0,54.0,82947533.66823564,0.0,1
6.5238844728469845,108.8,63.36,0.3063675901529386,0.0,0.04,0.0,0.0,0.0,0.0,54.0,57.16,54.26,82943181.79204841,0.2,1
0.0,80.35,64.0,28.364097780415385,0.0,0.0,0.0,0.0,0.0,0.0,53.12,54.0,53.89,82925788.63990395,0.08,1
4.659156064987183,108.0,64.0,0.4292623921022858,0.0,0.0,0.0,0.0,0.0,0.0,54.0,54.0,54.0,82950679.47831388,0.0,1
0.0,182.0,64.0,66.42547867538758,0.0,0.0,0.0,0.0,0.0,0.0,182.0,182.0,182.0,83003696.16268207,0.0,1
0.0464969754219055,29575.0,64.0,12714.622211052703,0.0,0.0,0.0,0.0,0.0,0.0,50.0,50.0,50.0,83011778.7046583,0.0,1
28.128480768203737,108.0,64.0,0.0711023117343765,0.0,2.0,0.0,0.0,0.0,0.0,54.0,54.0,54.0,82973239.3514643,0.0,1
4.506759760379791,108.0,64.0,0.4437786474919807,0.0,0.0,0.0,0.0,0.0,0.0,54.0,54.0,54.0,82947070.6548861,0.0,1
7.782994775772095,627.94,63.88,0.468398850719706,0.0,2.91,0.01,0.3,0.0,0.0,57.4,59.04,58.2,82972520.61735655,0.2,1
10.10444041967392,160.38,65.91,0.2939303463829871,0.0,2.97,0.0,0.0,0.0,0.0,54.0,61.92,54.44,82985342.25680102,0.18,1
0.087599561214447,43472.53,75.06,10547.058616380338,0.01,0.06,0.0,0.05,0.0,0.0,50.0,54.21,51.75,83011745.20991035,0.19,1
